2026-03-16 22:32:51.421   674-750   ActivityManager         system_server                        I  Force stopping com.example.swifthello appid=10214 user=0: from pid 8579
2026-03-16 22:32:51.422   674-750   IPCThreadState          system_server                        W  Sending oneway calls to frozen process.
2026-03-16 22:32:51.422   674-750   IPCThreadState          system_server                        W  Sending oneway calls to frozen process.
2026-03-16 22:32:51.422   674-750   IPCThreadState          system_server                        W  Sending oneway calls to frozen process.
2026-03-16 22:32:51.422   674-750   IPCThreadState          system_server                        W  Sending oneway calls to frozen process.
2026-03-16 22:32:51.422   674-750   IPCThreadState          system_server                        W  Sending oneway calls to frozen process.
2026-03-16 22:32:51.422   674-750   IPCThreadState          system_server                        W  Sending oneway calls to frozen process.
2026-03-16 22:32:51.422   674-750   IPCThreadState          system_server                        W  Sending oneway calls to frozen process.
2026-03-16 22:32:51.422   674-750   IPCThreadState          system_server                        W  Sending oneway calls to frozen process.
2026-03-16 22:32:51.422   674-750   IPCThreadState          system_server                        W  Sending oneway calls to frozen process.
2026-03-16 22:32:51.422   674-750   IPCThreadState          system_server                        W  Sending oneway calls to frozen process.
2026-03-16 22:32:51.422   674-750   IPCThreadState          system_server                        W  Sending oneway calls to frozen process.
2026-03-16 22:32:51.422   674-750   IPCThreadState          system_server                        W  Sending oneway calls to frozen process.
2026-03-16 22:32:51.422   674-750   IPCThreadState          system_server                        W  Sending oneway calls to frozen process.
2026-03-16 22:32:51.422   674-750   IPCThreadState          system_server                        W  Sending oneway calls to frozen process.
2026-03-16 22:32:51.422   674-750   IPCThreadState          system_server                        W  Sending oneway calls to frozen process.
2026-03-16 22:32:51.422   674-750   IPCThreadState          system_server                        W  Sending oneway calls to frozen process.
2026-03-16 22:32:51.422   674-750   IPCThreadState          system_server                        W  Sending oneway calls to frozen process.
2026-03-16 22:32:51.422   674-750   IPCThreadState          system_server                        W  Sending oneway calls to frozen process.
2026-03-16 22:32:51.422   674-750   IPCThreadState          system_server                        W  Sending oneway calls to frozen process.
2026-03-16 22:32:51.422   674-750   IPCThreadState          system_server                        W  Sending oneway calls to frozen process.
2026-03-16 22:32:51.422   674-750   IPCThreadState          system_server                        W  Sending oneway calls to frozen process.
2026-03-16 22:32:51.422   674-750   IPCThreadState          system_server                        W  Sending oneway calls to frozen process.
2026-03-16 22:32:51.422   674-750   IPCThreadState          system_server                        W  Sending oneway calls to frozen process.
2026-03-16 22:32:51.422   674-750   IPCThreadState          system_server                        W  Sending oneway calls to frozen process.
2026-03-16 22:32:51.422   674-750   IPCThreadState          system_server                        W  Sending oneway calls to frozen process.
2026-03-16 22:32:51.422   674-750   IPCThreadState          system_server                        W  Sending oneway calls to frozen process.
2026-03-16 22:32:51.422   674-750   IPCThreadState          system_server                        W  Sending oneway calls to frozen process.
2026-03-16 22:32:51.422   674-750   IPCThreadState          system_server                        W  Sending oneway calls to frozen process.
2026-03-16 22:32:51.424   674-797   system_server           system_server                        I  AssetManager2(0xb400007d4de58d78) locale list changing from [] to [en-US]
2026-03-16 22:32:51.425  1259-1259  CarrierSvcBindHelper    com.android.phone                    D  onHandleForceStop: [com.example.swifthello]
2026-03-16 22:32:51.425   674-797   system_server           system_server                        I  AssetManager2(0xb400007d4de59098) locale list changing from [] to [en-US]
2026-03-16 22:32:51.426  1259-1259  CarrierSvcBindHelper    com.android.phone                    D  No carrier app for: 0
2026-03-16 22:32:51.475  2067-2067  abb                     abb                                  I  StartCommandInProcess(7061636b61676500696e7374616c6c2d package.install- [truncated])
2026-03-16 22:32:51.472   674-674   binder:674_3            system_server                        W  type=1400 audit(0.0:117): avc:  denied  { getopt } for  scontext=u:r:system_server:s0 tcontext=u:r:shell:s0 tclass=unix_stream_socket permissive=0
2026-03-16 22:32:51.472   674-674   binder:674_3            system_server                        W  type=1400 audit(0.0:118): avc:  denied  { getopt } for  scontext=u:r:system_server:s0 tcontext=u:r:shell:s0 tclass=unix_stream_socket permissive=0
2026-03-16 22:32:51.472   674-674   binder:674_3            system_server                        W  type=1400 audit(0.0:119): avc:  denied  { getopt } for  scontext=u:r:system_server:s0 tcontext=u:r:shell:s0 tclass=unix_stream_socket permissive=0
2026-03-16 22:32:51.479  2067-2067  abb                     abb                                  I  StartCommandInProcess(7061636b61676500696e7374616c6c2d package.install- [truncated])
2026-03-16 22:32:51.569  8597-8597  dumpsys                 dumpsys                              W  Thread Pool max thread count is 0. Cannot cache binder as linkToDeath cannot be implemented. serviceName: package
2026-03-16 22:32:51.638   812-817   artd                    artd                                 I  GetBestInfo: odex next to the dex file (/data/app/~~mChXzFZHqjog1ek7x0eONw==/com.google.android.gms-mlYeddOQla7mB9XCcojZDA==/oat/arm64/base.odex) is kOatUpToDate with filter 'speed-profile' executable 'false'
2026-03-16 22:32:51.640   812-817   artd                    artd                                 I  GetBestInfo: odex next to the dex file (/data/app/~~mChXzFZHqjog1ek7x0eONw==/com.google.android.gms-mlYeddOQla7mB9XCcojZDA==/oat/arm64/split_AdsDynamite_installtime.odex) is kOatUpToDate with filter 'speed' executable 'false'
2026-03-16 22:32:51.644   812-817   artd                    artd                                 I  GetBestInfo: odex next to the dex file (/data/app/~~mChXzFZHqjog1ek7x0eONw==/com.google.android.gms-mlYeddOQla7mB9XCcojZDA==/oat/arm64/split_CronetDynamite_installtime.odex) is kOatUpToDate with filter 'speed-profile' executable 'false'
2026-03-16 22:32:51.646   812-817   artd                    artd                                 I  GetBestInfo: odex next to the dex file (/data/app/~~mChXzFZHqjog1ek7x0eONw==/com.google.android.gms-mlYeddOQla7mB9XCcojZDA==/oat/arm64/split_DynamiteLoader_installtime.odex) is kOatUpToDate with filter 'speed' executable 'false'
2026-03-16 22:32:51.648   812-817   artd                    artd                                 I  GetBestInfo: odex next to the dex file (/data/app/~~mChXzFZHqjog1ek7x0eONw==/com.google.android.gms-mlYeddOQla7mB9XCcojZDA==/oat/arm64/split_DynamiteModulesA_installtime.odex) is kOatUpToDate with filter 'speed' executable 'false'
2026-03-16 22:32:51.650   812-817   artd                    artd                                 I  GetBestInfo: odex next to the dex file (/data/app/~~mChXzFZHqjog1ek7x0eONw==/com.google.android.gms-mlYeddOQla7mB9XCcojZDA==/oat/arm64/split_DynamiteModulesC_installtime.odex) is kOatUpToDate with filter 'speed' executable 'false'
2026-03-16 22:32:51.655   812-817   artd                    artd                                 I  GetBestInfo: odex next to the dex file (/data/app/~~mChXzFZHqjog1ek7x0eONw==/com.google.android.gms-mlYeddOQla7mB9XCcojZDA==/oat/arm64/split_GoogleCertificates_installtime.odex) is kOatUpToDate with filter 'speed' executable 'false'
2026-03-16 22:32:51.656   812-817   artd                    artd                                 I  GetBestInfo: odex next to the dex file (/data/app/~~mChXzFZHqjog1ek7x0eONw==/com.google.android.gms-mlYeddOQla7mB9XCcojZDA==/oat/arm64/split_MapsDynamite_installtime.odex) is kOatUpToDate with filter 'speed' executable 'false'
2026-03-16 22:32:51.659   812-818   artd                    artd                                 I  GetBestInfo: odex next to the dex file (/data/app/~~mChXzFZHqjog1ek7x0eONw==/com.google.android.gms-mlYeddOQla7mB9XCcojZDA==/oat/arm64/split_MeasurementDynamite_installtime.odex) is kOatUpToDate with filter 'speed' executable 'false'
2026-03-16 22:32:51.661   812-818   artd                    artd                                 I  GetBestInfo: odex next to the dex file (/data/app/~~mChXzFZHqjog1ek7x0eONw==/com.google.android.gms-mlYeddOQla7mB9XCcojZDA==/oat/arm64/split_all_locale_splits.odex) is kOatUpToDate with filter 'speed' executable 'false'
2026-03-16 22:32:51.661   812-818   artd                    artd                                 I  GetBestInfo: /data/user_de/0/com.google.android.gms/app_chimera/m/00000008/dl-TfliteDynamiteDynamite.integ_252130102100400.apk has no usable artifacts
2026-03-16 22:32:51.660   674-674   binder:674_3            system_server                        W  type=1400 audit(0.0:120): avc:  denied  { getopt } for  scontext=u:r:system_server:s0 tcontext=u:r:shell:s0 tclass=unix_stream_socket permissive=0
2026-03-16 22:32:51.660   674-674   binder:674_3            system_server                        W  type=1400 audit(0.0:121): avc:  denied  { getopt } for  scontext=u:r:system_server:s0 tcontext=u:r:shell:s0 tclass=unix_stream_socket permissive=0
2026-03-16 22:32:51.660   674-674   binder:674_3            system_server                        W  type=1400 audit(0.0:122): avc:  denied  { getopt } for  scontext=u:r:system_server:s0 tcontext=u:r:shell:s0 tclass=unix_stream_socket permissive=0
2026-03-16 22:32:51.660   674-674   binder:674_3            system_server                        W  type=1400 audit(0.0:123): avc:  denied  { getopt } for  scontext=u:r:system_server:s0 tcontext=u:r:shell:s0 tclass=unix_stream_socket permissive=0
2026-03-16 22:32:51.665   812-817   artd                    artd                                 I  GetBestInfo: vdex next to the dex file (/data/user/0/com.google.android.gms/app_dg_cache/1E73DDD364D745715765FBA57AC8818D80CF9089/oat/arm64/the.vdex) is kOatUpToDate with filter 'verify' executable 'false'
2026-03-16 22:32:51.665   812-817   artd                    artd                                 I  GetBestInfo: /data/user_de/0/com.google.android.gms/app_chimera/m/0000000d/dl-VisionOcr.optional_250834100000.apk has no usable artifacts
2026-03-16 22:32:51.666  2067-2067  abb                     abb                                  I  StartCommandInProcess(7061636b61676500696e7374616c6c2d package.install- [truncated])
2026-03-16 22:32:51.667   812-818   artd                    artd                                 I  GetBestInfo: /data/user_de/0/com.google.android.gms/app_chimera/m/00000001/CronetDynamite.apk has no usable artifacts
2026-03-16 22:32:51.668   812-817   artd                    artd                                 I  GetBestInfo: /data/user_de/0/com.google.android.gms/app_chimera/m/00000015/dl-Appsearch.optional_260931100400.apk has no usable artifacts
2026-03-16 22:32:51.669   812-817   artd                    artd                                 I  GetBestInfo: /data/user_de/0/com.google.android.gms/app_chimera/m/00000002/DynamiteLoader.apk has no usable artifacts
2026-03-16 22:32:51.670   812-818   artd                    artd                                 I  GetBestInfo: /data/user_de/0/com.google.android.gms/app_chimera/m/00000012/dl-PlayCloudSearch.optional_260931100000.apk has no usable artifacts
2026-03-16 22:32:51.671   812-818   artd                    artd                                 I  GetBestInfo: /data/user_de/0/com.google.android.gms/app_chimera/m/00000005/GoogleCertificates.apk has no usable artifacts
2026-03-16 22:32:51.671   812-818   artd                    artd                                 I  GetBestInfo: /data/user_de/0/com.google.android.gms/app_chimera/m/00000009/dl-Appsearch.optional_250834100400.apk has no usable artifacts
2026-03-16 22:32:51.672   812-818   artd                    artd                                 I  GetBestInfo: /data/user_de/0/com.google.android.gms/app_chimera/m/0000000c/dl-MlkitBarcodeUi.optional_250834100400.apk has no usable artifacts
2026-03-16 22:32:51.672   674-750   SystemServiceRegistry   system_server                        E  No service published for: persistent_data_block
                                                                                                    android.os.ServiceManager$ServiceNotFoundException: No service published for: persistent_data_block
                                                                                                    	at android.os.ServiceManager.getServiceOrThrow(ServiceManager.java:203)
                                                                                                    	at android.app.SystemServiceRegistry$82.createService(SystemServiceRegistry.java:1110)
                                                                                                    	at android.app.SystemServiceRegistry$82.createService(SystemServiceRegistry.java:1107)
                                                                                                    	at android.app.SystemServiceRegistry$StaticServiceFetcher.getService(SystemServiceRegistry.java:2405)
                                                                                                    	at android.app.SystemServiceRegistry.getSystemService(SystemServiceRegistry.java:1918)
                                                                                                    	at android.app.ContextImpl.getSystemService(ContextImpl.java:2315)
                                                                                                    	at android.content.Context.getSystemService(Context.java:4630)
                                                                                                    	at com.android.server.pm.PackageInstallerSession.markAsSealed(PackageInstallerSession.java:2449)
                                                                                                    	at com.android.server.pm.PackageInstallerSession.commit(PackageInstallerSession.java:2198)
                                                                                                    	at android.content.pm.PackageInstaller$Session.commit(PackageInstaller.java:1988)
                                                                                                    	at com.android.server.pm.PackageManagerShellCommand.doCommitSession(PackageManagerShellCommand.java:4316)
                                                                                                    	at com.android.server.pm.PackageManagerShellCommand.runInstallCommit(PackageManagerShellCommand.java:1726)
                                                                                                    	at com.android.server.pm.PackageManagerShellCommand.onCommand(PackageManagerShellCommand.java:255)
                                                                                                    	at com.android.modules.utils.BasicShellCommandHandler.exec(BasicShellCommandHandler.java:97)
                                                                                                    	at android.os.ShellCommand.exec(ShellCommand.java:38)
                                                                                                    	at com.android.server.pm.PackageManagerService$IPackageManagerImpl.onShellCommand(PackageManagerService.java:6684)
                                                                                                    	at android.os.Binder.shellCommand(Binder.java:1151)
                                                                                                    	at android.os.Binder.onTransact(Binder.java:953)
                                                                                                    	at android.content.pm.IPackageManager$Stub.onTransact(IPackageManager.java:4729)
                                                                                                    	at com.android.server.pm.PackageManagerService$IPackageManagerImpl.onTransact(PackageManagerService.java:6668)
                                                                                                    	at android.os.Binder.execTransactInternal(Binder.java:1426)
                                                                                                    	at android.os.Binder.execTransact(Binder.java:1365)
2026-03-16 22:32:51.673   674-750   SystemServiceRegistry   system_server                        E  Manager wrapper not available: persistent_data_block
2026-03-16 22:32:51.673   812-818   artd                    artd                                 I  GetBestInfo: /data/user_de/0/com.google.android.gms/app_chimera/m/00000016/dl-MlkitBarcodeUi.optional_260931100400.apk has no usable artifacts
2026-03-16 22:32:51.674   812-818   artd                    artd                                 I  GetBestInfo: /data/user_de/0/com.google.android.gms/app_chimera/m/0000000e/dl-MlkitOcrCommon.optional_250834100400.apk has no usable artifacts
2026-03-16 22:32:51.676   812-818   artd                    artd                                 I  GetBestInfo: /data/user_de/0/com.google.android.gms/app_chimera/m/00000007/MeasurementDynamite.apk has no usable artifacts
2026-03-16 22:32:51.734   674-695   FileSystemUtils         system_server                        D  Total number of LOAD segments 4
2026-03-16 22:32:51.734   674-695   FileSystemUtils         system_server                        D  Size before punching holes st_blocks: 249872, st_blksize: 4096, st_size: 127926774
2026-03-16 22:32:51.734   674-695   FileSystemUtils         system_server                        D  Size after punching holes st_blocks: 249872, st_blksize: 4096, st_size: 127926774
2026-03-16 22:32:51.734   674-695   FileSystemUtils         system_server                        D  Extra field length: 7044,  Size before punching holes st_blocks: 249872, st_blksize: 4096, st_size: 127926774
2026-03-16 22:32:51.735   674-695   FileSystemUtils         system_server                        D  Extra field length: 7044 content near offset: 00000000000000000000000000000000000000000000000000000000000000000000000000000000000000000000000000000000000000000000000000000000000000000000000000000000000000000000000000000000000000000000000000000000000000000000000000000000000000000000000000000000000000000000000000000000000000000000000000000000000000000000000000000000000000000000000000000000000000000000000000000000000000000000000000000000000000000000000000000000000000000000000000000000000000000000000000000000000000000000000000000000000000000000000000000000000000000000000000000000000000000000000000000000000000000000000000000000000000000000000000000000000000000000000000000000000000000000000000000000000000000000000000000000000000000000000000000000000000000000000000000000000000000000000000000000000000000000000000000000000000000000000000000000000000000000000000000000000000000000000000000000000000000000000000000000000000000000000000000000000000000000000000000000000000000000000000000000000000000000000000000000000000000
2026-03-16 22:32:51.735   674-695   FileSystemUtils         system_server                        D  Punching hole in file - start: 23212032 len:4096
2026-03-16 22:32:51.735   674-695   FileSystemUtils         system_server                        D  punchHolesInApk:: Size after punching holes st_blocks: 249864, st_blksize: 4096, st_size: 127926774
2026-03-16 22:32:51.735   674-695   FileSystemUtils         system_server                        D  Total number of LOAD segments 4
2026-03-16 22:32:51.735   674-695   FileSystemUtils         system_server                        D  Size before punching holes st_blocks: 249864, st_blksize: 4096, st_size: 127926774
2026-03-16 22:32:51.735   674-695   FileSystemUtils         system_server                        D  Size after punching holes st_blocks: 249864, st_blksize: 4096, st_size: 127926774
2026-03-16 22:32:51.735   674-695   FileSystemUtils         system_server                        D  Extra field length: 13400,  Size before punching holes st_blocks: 249864, st_blksize: 4096, st_size: 127926774
2026-03-16 22:32:51.735   674-695   FileSystemUtils         system_server                        D  Extra field length: 13400 content near offset: 0000000000000000000000000000000000000000000000000000000000000000000000000000000000000000000000000000000000000000000000000000000000000000000000000000000000000000000000000000000000000000000000000000000000000000000000000000000000000000000000000000000000000000000000000000000000000000000000000000000000000000000000000000000000000000000000000000000000000000000000000000000000000000000000000000000000000000000000000000000000000000000000000000000000000000000000000000000000000000000000000000000000000000000000000000000000000000000000000000000000000000000000000000000000000000000000000000000000000000000000000000000000000000000000000000000000000000000000000000000000000000000000000000000000000000000000000000000000000000000000000000000000000000000000000000000000000000000000000000000000000000000000000000000000000000000000000000000000000000000000000000000000000000000000000000000000000000000000000000000000000000000000000000000000000000000000000000000000000000000000000000000000000000
2026-03-16 22:32:51.735   674-695   FileSystemUtils         system_server                        D  Punching hole in file - start: 45338624 len:12288
2026-03-16 22:32:51.735   674-695   FileSystemUtils         system_server                        D  punchHolesInApk:: Size after punching holes st_blocks: 249840, st_blksize: 4096, st_size: 127926774
2026-03-16 22:32:51.735   674-695   FileSystemUtils         system_server                        D  Total number of LOAD segments 3
2026-03-16 22:32:51.735   674-695   FileSystemUtils         system_server                        D  Size before punching holes st_blocks: 249840, st_blksize: 4096, st_size: 127926774
2026-03-16 22:32:51.735   674-695   FileSystemUtils         system_server                        D  Size after punching holes st_blocks: 249840, st_blksize: 4096, st_size: 127926774
2026-03-16 22:32:51.735   674-695   FileSystemUtils         system_server                        D  Extra field length: 5312,  Size before punching holes st_blocks: 249840, st_blksize: 4096, st_size: 127926774
2026-03-16 22:32:51.735   674-695   FileSystemUtils         system_server                        D  Extra field length: 5312 content near offset: 00000000000000000000000000000000000000000000000000000000000000000000000000000000000000000000000000000000000000000000000000000000000000000000000000000000000000000000000000000000000000000000000000000000000000000000000000000000000000000000000000000000000000000000000000000000000000000000000000000000000000000000000000000000000000000000000000000000000000000000000000000000000000000000000000000000000000000000000000000000000000000000000000000000000000000000000000000000000000000000000000000000000000000000000000000000000000000000000000000000000000000000000000000000000000000000000000000000000000000000000000000000000000000000000000000000000000000000000000000000000000000000000000000000000000000000000000000000000000000000000000000000000000000000000000000000000000000000000000000000000000000000000000000000000000000000000000000000000000000000000000000000000000000000000000000000000000000000000000000000000000000000000000000000000000000000000000000000000000000000000000000000000000000
2026-03-16 22:32:51.735   674-695   FileSystemUtils         system_server                        D  Punching hole in file - start: 503808 len:4096
2026-03-16 22:32:51.735   674-695   FileSystemUtils         system_server                        D  punchHolesInApk:: Size after punching holes st_blocks: 249840, st_blksize: 4096, st_size: 127926774
2026-03-16 22:32:51.735   674-695   FileSystemUtils         system_server                        D  Total number of LOAD segments 4
2026-03-16 22:32:51.735   674-695   FileSystemUtils         system_server                        D  Size before punching holes st_blocks: 249840, st_blksize: 4096, st_size: 127926774
2026-03-16 22:32:51.735   674-695   FileSystemUtils         system_server                        D  Size after punching holes st_blocks: 249840, st_blksize: 4096, st_size: 127926774
2026-03-16 22:32:51.735   674-695   FileSystemUtils         system_server                        D  Extra field length: 2393,  Size before punching holes st_blocks: 249840, st_blksize: 4096, st_size: 127926774
2026-03-16 22:32:51.735   674-695   FileSystemUtils         system_server                        D  Skipping punching apk as extra field length is less than block size
2026-03-16 22:32:51.735   674-695   NativeLibraryHelper     system_server                        W  Failed to punch apk : /data/app/vmdl825991216.tmp/base.apk at extra field
2026-03-16 22:32:51.735   674-695   FileSystemUtils         system_server                        D  Total number of LOAD segments 3
2026-03-16 22:32:51.735   674-695   FileSystemUtils         system_server                        D  Size before punching holes st_blocks: 249840, st_blksize: 4096, st_size: 127926774
2026-03-16 22:32:51.735   674-695   FileSystemUtils         system_server                        D  Size after punching holes st_blocks: 249840, st_blksize: 4096, st_size: 127926774
2026-03-16 22:32:51.735   674-695   FileSystemUtils         system_server                        D  Extra field length: 16117,  Size before punching holes st_blocks: 249840, st_blksize: 4096, st_size: 127926774
2026-03-16 22:32:51.735   674-695   FileSystemUtils         system_server                        D  Extra field length: 16117 content near offset: 0000000000000000000000000000000000000000000000000000000000000000000000000000000000000000000000000000000000000000000000000000000000000000000000000000000000000000000000000000000000000000000000000000000000000000000000000000000000000000000000000000000000000000000000000000000000000000000000000000000000000000000000000000000000000000000000000000000000000000000000000000000000000000000000000000000000000000000000000000000000000000000000000000000000000000000000000000000000000000000000000000000000000000000000000000000000000000000000000000000000000000000000000000000000000000000000000000000000000000000000000000000000000000000000000000000000000000000000000000000000000000000000000000000000000000000000000000000000000000000000000000000000000000000000000000000000000000000000000000000000000000000000000000000000000000000000000000000000000000000000000000000000000000000000000000000000000000000000000000000000000000000000000000000000000000000000000000000000000000000000000000000000000000
2026-03-16 22:32:51.735   674-695   FileSystemUtils         system_server                        D  Punching hole in file - start: 970752 len:12288
2026-03-16 22:32:51.735   674-695   FileSystemUtils         system_server                        D  punchHolesInApk:: Size after punching holes st_blocks: 249816, st_blksize: 4096, st_size: 127926774
2026-03-16 22:32:51.735   674-695   FileSystemUtils         system_server                        D  Total number of LOAD segments 3
2026-03-16 22:32:51.735   674-695   FileSystemUtils         system_server                        D  Size before punching holes st_blocks: 249816, st_blksize: 4096, st_size: 127926774
2026-03-16 22:32:51.735   674-695   FileSystemUtils         system_server                        D  Size after punching holes st_blocks: 249816, st_blksize: 4096, st_size: 127926774
2026-03-16 22:32:51.735   674-695   FileSystemUtils         system_server                        D  Extra field length: 532,  Size before punching holes st_blocks: 249816, st_blksize: 4096, st_size: 127926774
2026-03-16 22:32:51.735   674-695   FileSystemUtils         system_server                        D  Skipping punching apk as extra field length is less than block size
2026-03-16 22:32:51.735   674-695   NativeLibraryHelper     system_server                        W  Failed to punch apk : /data/app/vmdl825991216.tmp/base.apk at extra field
2026-03-16 22:32:51.735   674-695   FileSystemUtils         system_server                        D  Total number of LOAD segments 3
2026-03-16 22:32:51.735   674-695   FileSystemUtils         system_server                        D  Size before punching holes st_blocks: 249816, st_blksize: 4096, st_size: 127926774
2026-03-16 22:32:51.735   674-695   FileSystemUtils         system_server                        D  Size after punching holes st_blocks: 249816, st_blksize: 4096, st_size: 127926774
2026-03-16 22:32:51.735   674-695   FileSystemUtils         system_server                        D  Extra field length: 10428,  Size before punching holes st_blocks: 249816, st_blksize: 4096, st_size: 127926774
2026-03-16 22:32:51.735   674-695   FileSystemUtils         system_server                        D  Extra field length: 10428 content near offset: 0000000000000000000000000000000000000000000000000000000000000000000000000000000000000000000000000000000000000000000000000000000000000000000000000000000000000000000000000000000000000000000000000000000000000000000000000000000000000000000000000000000000000000000000000000000000000000000000000000000000000000000000000000000000000000000000000000000000000000000000000000000000000000000000000000000000000000000000000000000000000000000000000000000000000000000000000000000000000000000000000000000000000000000000000000000000000000000000000000000000000000000000000000000000000000000000000000000000000000000000000000000000000000000000000000000000000000000000000000000000000000000000000000000000000000000000000000000000000000000000000000000000000000000000000000000000000000000000000000000000000000000000000000000000000000000000000000000000000000000000000000000000000000000000000000000000000000000000000000000000000000000000000000000000000000000000000000000000000000000000000000000000000000
2026-03-16 22:32:51.735   674-695   FileSystemUtils         system_server                        D  Punching hole in file - start: 104833024 len:8192
2026-03-16 22:32:51.736   674-695   FileSystemUtils         system_server                        D  punchHolesInApk:: Size after punching holes st_blocks: 249800, st_blksize: 4096, st_size: 127926774
2026-03-16 22:32:51.736   674-695   FileSystemUtils         system_server                        D  Total number of LOAD segments 3
2026-03-16 22:32:51.736   674-695   FileSystemUtils         system_server                        D  Size before punching holes st_blocks: 249800, st_blksize: 4096, st_size: 127926774
2026-03-16 22:32:51.736   674-695   FileSystemUtils         system_server                        D  Size after punching holes st_blocks: 249800, st_blksize: 4096, st_size: 127926774
2026-03-16 22:32:51.736   674-695   FileSystemUtils         system_server                        D  Extra field length: 6314,  Size before punching holes st_blocks: 249800, st_blksize: 4096, st_size: 127926774
2026-03-16 22:32:51.736   674-695   FileSystemUtils         system_server                        D  Extra field length: 6314 content near offset: 00000000000000000000000000000000000000000000000000000000000000000000000000000000000000000000000000000000000000000000000000000000000000000000000000000000000000000000000000000000000000000000000000000000000000000000000000000000000000000000000000000000000000000000000000000000000000000000000000000000000000000000000000000000000000000000000000000000000000000000000000000000000000000000000000000000000000000000000000000000000000000000000000000000000000000000000000000000000000000000000000000000000000000000000000000000000000000000000000000000000000000000000000000000000000000000000000000000000000000000000000000000000000000000000000000000000000000000000000000000000000000000000000000000000000000000000000000000000000000000000000000000000000000000000000000000000000000000000000000000000000000000000000000000000000000000000000000000000000000000000000000000000000000000000000000000000000000000000000000000000000000000000000000000000000000000000000000000000000000000000000000000000000000
2026-03-16 22:32:51.736   674-695   FileSystemUtils         system_server                        D  Punching hole in file - start: 126976 len:4096
2026-03-16 22:32:51.736   674-695   FileSystemUtils         system_server                        D  punchHolesInApk:: Size after punching holes st_blocks: 249792, st_blksize: 4096, st_size: 127926774
2026-03-16 22:32:51.736   674-695   FileSystemUtils         system_server                        D  Total number of LOAD segments 3
2026-03-16 22:32:51.736   674-695   FileSystemUtils         system_server                        D  Size before punching holes st_blocks: 249792, st_blksize: 4096, st_size: 127926774
2026-03-16 22:32:51.736   674-695   FileSystemUtils         system_server                        D  Size after punching holes st_blocks: 249792, st_blksize: 4096, st_size: 127926774
2026-03-16 22:32:51.736   674-695   FileSystemUtils         system_server                        D  Extra field length: 157,  Size before punching holes st_blocks: 249792, st_blksize: 4096, st_size: 127926774
2026-03-16 22:32:51.736   674-695   FileSystemUtils         system_server                        D  Skipping punching apk as extra field length is less than block size
2026-03-16 22:32:51.736   674-695   NativeLibraryHelper     system_server                        W  Failed to punch apk : /data/app/vmdl825991216.tmp/base.apk at extra field
2026-03-16 22:32:51.736   674-695   FileSystemUtils         system_server                        D  Total number of LOAD segments 4
2026-03-16 22:32:51.736   674-695   FileSystemUtils         system_server                        D  Size before punching holes st_blocks: 249792, st_blksize: 4096, st_size: 127926774
2026-03-16 22:32:51.736   674-695   FileSystemUtils         system_server                        D  Size after punching holes st_blocks: 249792, st_blksize: 4096, st_size: 127926774
2026-03-16 22:32:51.736   674-695   FileSystemUtils         system_server                        D  Extra field length: 12501,  Size before punching holes st_blocks: 249792, st_blksize: 4096, st_size: 127926774
2026-03-16 22:32:51.736   674-695   FileSystemUtils         system_server                        D  Extra field length: 12501 content near offset: 0000000000000000000000000000000000000000000000000000000000000000000000000000000000000000000000000000000000000000000000000000000000000000000000000000000000000000000000000000000000000000000000000000000000000000000000000000000000000000000000000000000000000000000000000000000000000000000000000000000000000000000000000000000000000000000000000000000000000000000000000000000000000000000000000000000000000000000000000000000000000000000000000000000000000000000000000000000000000000000000000000000000000000000000000000000000000000000000000000000000000000000000000000000000000000000000000000000000000000000000000000000000000000000000000000000000000000000000000000000000000000000000000000000000000000000000000000000000000000000000000000000000000000000000000000000000000000000000000000000000000000000000000000000000000000000000000000000000000000000000000000000000000000000000000000000000000000000000000000000000000000000000000000000000000000000000000000000000000000000000000000000000000000
2026-03-16 22:32:51.736   674-695   FileSystemUtils         system_server                        D  Punching hole in file - start: 15716352 len:12288
2026-03-16 22:32:51.736   674-695   FileSystemUtils         system_server                        D  punchHolesInApk:: Size after punching holes st_blocks: 249768, st_blksize: 4096, st_size: 127926774
2026-03-16 22:32:51.736   674-695   FileSystemUtils         system_server                        D  Total number of LOAD segments 4
2026-03-16 22:32:51.736   674-695   FileSystemUtils         system_server                        D  Size before punching holes st_blocks: 249768, st_blksize: 4096, st_size: 127926774
2026-03-16 22:32:51.736   674-695   FileSystemUtils         system_server                        D  Size after punching holes st_blocks: 249768, st_blksize: 4096, st_size: 127926774
2026-03-16 22:32:51.736   674-695   FileSystemUtils         system_server                        D  Extra field length: 11761,  Size before punching holes st_blocks: 249768, st_blksize: 4096, st_size: 127926774
2026-03-16 22:32:51.736   674-695   FileSystemUtils         system_server                        D  Extra field length: 11761 content near offset: 0000000000000000000000000000000000000000000000000000000000000000000000000000000000000000000000000000000000000000000000000000000000000000000000000000000000000000000000000000000000000000000000000000000000000000000000000000000000000000000000000000000000000000000000000000000000000000000000000000000000000000000000000000000000000000000000000000000000000000000000000000000000000000000000000000000000000000000000000000000000000000000000000000000000000000000000000000000000000000000000000000000000000000000000000000000000000000000000000000000000000000000000000000000000000000000000000000000000000000000000000000000000000000000000000000000000000000000000000000000000000000000000000000000000000000000000000000000000000000000000000000000000000000000000000000000000000000000000000000000000000000000000000000000000000000000000000000000000000000000000000000000000000000000000000000000000000000000000000000000000000000000000000000000000000000000000000000000000000000000000000000000000000000
2026-03-16 22:32:51.736   674-695   FileSystemUtils         system_server                        D  Punching hole in file - start: 3072000 len:8192
2026-03-16 22:32:51.736   674-695   FileSystemUtils         system_server                        D  punchHolesInApk:: Size after punching holes st_blocks: 249752, st_blksize: 4096, st_size: 127926774
2026-03-16 22:32:51.736   674-695   FileSystemUtils         system_server                        D  Total number of LOAD segments 4
2026-03-16 22:32:51.736   674-695   FileSystemUtils         system_server                        D  Size before punching holes st_blocks: 249752, st_blksize: 4096, st_size: 127926774
2026-03-16 22:32:51.736   674-695   FileSystemUtils         system_server                        D  Size after punching holes st_blocks: 249752, st_blksize: 4096, st_size: 127926774
2026-03-16 22:32:51.736   674-695   FileSystemUtils         system_server                        D  Extra field length: 13424,  Size before punching holes st_blocks: 249752, st_blksize: 4096, st_size: 127926774
2026-03-16 22:32:51.736   674-695   FileSystemUtils         system_server                        D  Extra field length: 13424 content near offset: 0000000000000000000000000000000000000000000000000000000000000000000000000000000000000000000000000000000000000000000000000000000000000000000000000000000000000000000000000000000000000000000000000000000000000000000000000000000000000000000000000000000000000000000000000000000000000000000000000000000000000000000000000000000000000000000000000000000000000000000000000000000000000000000000000000000000000000000000000000000000000000000000000000000000000000000000000000000000000000000000000000000000000000000000000000000000000000000000000000000000000000000000000000000000000000000000000000000000000000000000000000000000000000000000000000000000000000000000000000000000000000000000000000000000000000000000000000000000000000000000000000000000000000000000000000000000000000000000000000000000000000000000000000000000000000000000000000000000000000000000000000000000000000000000000000000000000000000000000000000000000000000000000000000000000000000000000000000000000000000000000000000000000000
2026-03-16 22:32:51.736   674-695   FileSystemUtils         system_server                        D  Punching hole in file - start: 2379776 len:12288
2026-03-16 22:32:51.736   674-695   FileSystemUtils         system_server                        D  punchHolesInApk:: Size after punching holes st_blocks: 249728, st_blksize: 4096, st_size: 127926774
2026-03-16 22:32:51.736   674-695   FileSystemUtils         system_server                        D  Total number of LOAD segments 3
2026-03-16 22:32:51.736   674-695   FileSystemUtils         system_server                        D  Size before punching holes st_blocks: 249728, st_blksize: 4096, st_size: 127926774
2026-03-16 22:32:51.736   674-695   FileSystemUtils         system_server                        D  Size after punching holes st_blocks: 249728, st_blksize: 4096, st_size: 127926774
2026-03-16 22:32:51.736   674-695   FileSystemUtils         system_server                        D  Extra field length: 13488,  Size before punching holes st_blocks: 249728, st_blksize: 4096, st_size: 127926774
2026-03-16 22:32:51.736   674-695   FileSystemUtils         system_server                        D  Extra field length: 13488 content near offset: 0000000000000000000000000000000000000000000000000000000000000000000000000000000000000000000000000000000000000000000000000000000000000000000000000000000000000000000000000000000000000000000000000000000000000000000000000000000000000000000000000000000000000000000000000000000000000000000000000000000000000000000000000000000000000000000000000000000000000000000000000000000000000000000000000000000000000000000000000000000000000000000000000000000000000000000000000000000000000000000000000000000000000000000000000000000000000000000000000000000000000000000000000000000000000000000000000000000000000000000000000000000000000000000000000000000000000000000000000000000000000000000000000000000000000000000000000000000000000000000000000000000000000000000000000000000000000000000000000000000000000000000000000000000000000000000000000000000000000000000000000000000000000000000000000000000000000000000000000000000000000000000000000000000000000000000000000000000000000000000000000000000000000000
2026-03-16 22:32:51.736   674-695   FileSystemUtils         system_server                        D  Punching hole in file - start: 1134592 len:12288
2026-03-16 22:32:51.736   674-695   FileSystemUtils         system_server                        D  punchHolesInApk:: Size after punching holes st_blocks: 249704, st_blksize: 4096, st_size: 127926774
2026-03-16 22:32:51.736   674-695   FileSystemUtils         system_server                        D  Total number of LOAD segments 3
2026-03-16 22:32:51.736   674-695   FileSystemUtils         system_server                        D  Size before punching holes st_blocks: 249704, st_blksize: 4096, st_size: 127926774
2026-03-16 22:32:51.736   674-695   FileSystemUtils         system_server                        D  Size after punching holes st_blocks: 249704, st_blksize: 4096, st_size: 127926774
2026-03-16 22:32:51.736   674-695   FileSystemUtils         system_server                        D  Extra field length: 6565,  Size before punching holes st_blocks: 249704, st_blksize: 4096, st_size: 127926774
2026-03-16 22:32:51.736   674-695   FileSystemUtils         system_server                        D  Extra field length: 6565 content near offset: 00000000000000000000000000000000000000000000000000000000000000000000000000000000000000000000000000000000000000000000000000000000000000000000000000000000000000000000000000000000000000000000000000000000000000000000000000000000000000000000000000000000000000000000000000000000000000000000000000000000000000000000000000000000000000000000000000000000000000000000000000000000000000000000000000000000000000000000000000000000000000000000000000000000000000000000000000000000000000000000000000000000000000000000000000000000000000000000000000000000000000000000000000000000000000000000000000000000000000000000000000000000000000000000000000000000000000000000000000000000000000000000000000000000000000000000000000000000000000000000000000000000000000000000000000000000000000000000000000000000000000000000000000000000000000000000000000000000000000000000000000000000000000000000000000000000000000000000000000000000000000000000000000000000000000000000000000000000000000000000000000000000000000000
2026-03-16 22:32:51.736   674-695   FileSystemUtils         system_server                        D  Punching hole in file - start: 117911552 len:4096
2026-03-16 22:32:51.737   674-695   FileSystemUtils         system_server                        D  punchHolesInApk:: Size after punching holes st_blocks: 249696, st_blksize: 4096, st_size: 127926774
2026-03-16 22:32:51.737   674-695   FileSystemUtils         system_server                        D  Total number of LOAD segments 3
2026-03-16 22:32:51.737   674-695   FileSystemUtils         system_server                        D  Size before punching holes st_blocks: 249696, st_blksize: 4096, st_size: 127926774
2026-03-16 22:32:51.737   674-695   FileSystemUtils         system_server                        D  Size after punching holes st_blocks: 249696, st_blksize: 4096, st_size: 127926774
2026-03-16 22:32:51.737   674-695   FileSystemUtils         system_server                        D  Extra field length: 3525,  Size before punching holes st_blocks: 249696, st_blksize: 4096, st_size: 127926774
2026-03-16 22:32:51.737   674-695   FileSystemUtils         system_server                        D  Skipping punching apk as extra field length is less than block size
2026-03-16 22:32:51.737   674-695   NativeLibraryHelper     system_server                        W  Failed to punch apk : /data/app/vmdl825991216.tmp/base.apk at extra field
2026-03-16 22:32:51.737   674-695   FileSystemUtils         system_server                        D  Total number of LOAD segments 3
2026-03-16 22:32:51.737   674-695   FileSystemUtils         system_server                        D  Size before punching holes st_blocks: 249696, st_blksize: 4096, st_size: 127926774
2026-03-16 22:32:51.737   674-695   FileSystemUtils         system_server                        D  Size after punching holes st_blocks: 249696, st_blksize: 4096, st_size: 127926774
2026-03-16 22:32:51.737   674-695   FileSystemUtils         system_server                        D  Extra field length: 9769,  Size before punching holes st_blocks: 249696, st_blksize: 4096, st_size: 127926774
2026-03-16 22:32:51.737   674-695   FileSystemUtils         system_server                        D  Extra field length: 9769 content near offset: 00000000000000000000000000000000000000000000000000000000000000000000000000000000000000000000000000000000000000000000000000000000000000000000000000000000000000000000000000000000000000000000000000000000000000000000000000000000000000000000000000000000000000000000000000000000000000000000000000000000000000000000000000000000000000000000000000000000000000000000000000000000000000000000000000000000000000000000000000000000000000000000000000000000000000000000000000000000000000000000000000000000000000000000000000000000000000000000000000000000000000000000000000000000000000000000000000000000000000000000000000000000000000000000000000000000000000000000000000000000000000000000000000000000000000000000000000000000000000000000000000000000000000000000000000000000000000000000000000000000000000000000000000000000000000000000000000000000000000000000000000000000000000000000000000000000000000000000000000000000000000000000000000000000000000000000000000000000000000000000000000000000000000000
2026-03-16 22:32:51.737   674-695   FileSystemUtils         system_server                        D  Punching hole in file - start: 8200192 len:8192
2026-03-16 22:32:51.737   674-695   FileSystemUtils         system_server                        D  punchHolesInApk:: Size after punching holes st_blocks: 249680, st_blksize: 4096, st_size: 127926774
2026-03-16 22:32:51.737   674-695   FileSystemUtils         system_server                        D  Total number of LOAD segments 4
2026-03-16 22:32:51.737   674-695   FileSystemUtils         system_server                        D  Size before punching holes st_blocks: 249680, st_blksize: 4096, st_size: 127926774
2026-03-16 22:32:51.737   674-695   FileSystemUtils         system_server                        D  Size after punching holes st_blocks: 249680, st_blksize: 4096, st_size: 127926774
2026-03-16 22:32:51.737   674-695   FileSystemUtils         system_server                        D  Extra field length: 7146,  Size before punching holes st_blocks: 249680, st_blksize: 4096, st_size: 127926774
2026-03-16 22:32:51.737   674-695   FileSystemUtils         system_server                        D  Extra field length: 7146 content near offset: 00000000000000000000000000000000000000000000000000000000000000000000000000000000000000000000000000000000000000000000000000000000000000000000000000000000000000000000000000000000000000000000000000000000000000000000000000000000000000000000000000000000000000000000000000000000000000000000000000000000000000000000000000000000000000000000000000000000000000000000000000000000000000000000000000000000000000000000000000000000000000000000000000000000000000000000000000000000000000000000000000000000000000000000000000000000000000000000000000000000000000000000000000000000000000000000000000000000000000000000000000000000000000000000000000000000000000000000000000000000000000000000000000000000000000000000000000000000000000000000000000000000000000000000000000000000000000000000000000000000000000000000000000000000000000000000000000000000000000000000000000000000000000000000000000000000000000000000000000000000000000000000000000000000000000000000000000000000000000000000000000000000000000000
2026-03-16 22:32:51.737   674-695   FileSystemUtils         system_server                        D  Punching hole in file - start: 32288768 len:4096
2026-03-16 22:32:51.737   674-695   FileSystemUtils         system_server                        D  punchHolesInApk:: Size after punching holes st_blocks: 249672, st_blksize: 4096, st_size: 127926774
2026-03-16 22:32:51.737   674-695   FileSystemUtils         system_server                        D  Total number of LOAD segments 4
2026-03-16 22:32:51.737   674-695   FileSystemUtils         system_server                        D  Size before punching holes st_blocks: 249672, st_blksize: 4096, st_size: 127926774
2026-03-16 22:32:51.737   674-695   FileSystemUtils         system_server                        D  Size after punching holes st_blocks: 249672, st_blksize: 4096, st_size: 127926774
2026-03-16 22:32:51.737   674-695   FileSystemUtils         system_server                        D  Extra field length: 6908,  Size before punching holes st_blocks: 249672, st_blksize: 4096, st_size: 127926774
2026-03-16 22:32:51.737   674-695   FileSystemUtils         system_server                        D  Extra field length: 6908 content near offset: 00000000000000000000000000000000000000000000000000000000000000000000000000000000000000000000000000000000000000000000000000000000000000000000000000000000000000000000000000000000000000000000000000000000000000000000000000000000000000000000000000000000000000000000000000000000000000000000000000000000000000000000000000000000000000000000000000000000000000000000000000000000000000000000000000000000000000000000000000000000000000000000000000000000000000000000000000000000000000000000000000000000000000000000000000000000000000000000000000000000000000000000000000000000000000000000000000000000000000000000000000000000000000000000000000000000000000000000000000000000000000000000000000000000000000000000000000000000000000000000000000000000000000000000000000000000000000000000000000000000000000000000000000000000000000000000000000000000000000000000000000000000000000000000000000000000000000000000000000000000000000000000000000000000000000000000000000000000000000000000000000000000000000000
2026-03-16 22:32:51.737   674-695   FileSystemUtils         system_server                        D  Punching hole in file - start: 3518464 len:4096
2026-03-16 22:32:51.737   674-695   FileSystemUtils         system_server                        D  punchHolesInApk:: Size after punching holes st_blocks: 249664, st_blksize: 4096, st_size: 127926774
2026-03-16 22:32:51.737   674-695   FileSystemUtils         system_server                        D  Total number of LOAD segments 4
2026-03-16 22:32:51.737   674-695   FileSystemUtils         system_server                        D  Size before punching holes st_blocks: 249664, st_blksize: 4096, st_size: 127926774
2026-03-16 22:32:51.737   674-695   FileSystemUtils         system_server                        D  Size after punching holes st_blocks: 249664, st_blksize: 4096, st_size: 127926774
2026-03-16 22:32:51.737   674-695   FileSystemUtils         system_server                        D  Extra field length: 1963,  Size before punching holes st_blocks: 249664, st_blksize: 4096, st_size: 127926774
2026-03-16 22:32:51.737   674-695   FileSystemUtils         system_server                        D  Skipping punching apk as extra field length is less than block size
2026-03-16 22:32:51.737   674-695   NativeLibraryHelper     system_server                        W  Failed to punch apk : /data/app/vmdl825991216.tmp/base.apk at extra field
2026-03-16 22:32:51.737   674-695   FileSystemUtils         system_server                        D  Total number of LOAD segments 3
2026-03-16 22:32:51.737   674-695   FileSystemUtils         system_server                        D  Size before punching holes st_blocks: 249664, st_blksize: 4096, st_size: 127926774
2026-03-16 22:32:51.737   674-695   FileSystemUtils         system_server                        D  Size after punching holes st_blocks: 249664, st_blksize: 4096, st_size: 127926774
2026-03-16 22:32:51.737   674-695   FileSystemUtils         system_server                        D  Extra field length: 8052,  Size before punching holes st_blocks: 249664, st_blksize: 4096, st_size: 127926774
2026-03-16 22:32:51.737   674-695   FileSystemUtils         system_server                        D  Extra field length: 8052 content near offset: 00000000000000000000000000000000000000000000000000000000000000000000000000000000000000000000000000000000000000000000000000000000000000000000000000000000000000000000000000000000000000000000000000000000000000000000000000000000000000000000000000000000000000000000000000000000000000000000000000000000000000000000000000000000000000000000000000000000000000000000000000000000000000000000000000000000000000000000000000000000000000000000000000000000000000000000000000000000000000000000000000000000000000000000000000000000000000000000000000000000000000000000000000000000000000000000000000000000000000000000000000000000000000000000000000000000000000000000000000000000000000000000000000000000000000000000000000000000000000000000000000000000000000000000000000000000000000000000000000000000000000000000000000000000000000000000000000000000000000000000000000000000000000000000000000000000000000000000000000000000000000000000000000000000000000000000000000000000000000000000000000000000000000000
2026-03-16 22:32:51.737   674-695   FileSystemUtils         system_server                        D  Punching hole in file - start: 3436544 len:4096
2026-03-16 22:32:51.737   674-695   FileSystemUtils         system_server                        D  punchHolesInApk:: Size after punching holes st_blocks: 249656, st_blksize: 4096, st_size: 127926774
2026-03-16 22:32:51.737   674-695   FileSystemUtils         system_server                        D  Total number of LOAD segments 4
2026-03-16 22:32:51.737   674-695   FileSystemUtils         system_server                        D  Size before punching holes st_blocks: 249656, st_blksize: 4096, st_size: 127926774
2026-03-16 22:32:51.737   674-695   FileSystemUtils         system_server                        D  Size after punching holes st_blocks: 249656, st_blksize: 4096, st_size: 127926774
2026-03-16 22:32:51.737   674-695   FileSystemUtils         system_server                        D  Extra field length: 14554,  Size before punching holes st_blocks: 249656, st_blksize: 4096, st_size: 127926774
2026-03-16 22:32:51.737   674-695   FileSystemUtils         system_server                        D  Extra field length: 14554 content near offset: 0000000000000000000000000000000000000000000000000000000000000000000000000000000000000000000000000000000000000000000000000000000000000000000000000000000000000000000000000000000000000000000000000000000000000000000000000000000000000000000000000000000000000000000000000000000000000000000000000000000000000000000000000000000000000000000000000000000000000000000000000000000000000000000000000000000000000000000000000000000000000000000000000000000000000000000000000000000000000000000000000000000000000000000000000000000000000000000000000000000000000000000000000000000000000000000000000000000000000000000000000000000000000000000000000000000000000000000000000000000000000000000000000000000000000000000000000000000000000000000000000000000000000000000000000000000000000000000000000000000000000000000000000000000000000000000000000000000000000000000000000000000000000000000000000000000000000000000000000000000000000000000000000000000000000000000000000000000000000000000000000000000000000000
2026-03-16 22:32:51.737   674-695   FileSystemUtils         system_server                        D  Punching hole in file - start: 88248320 len:12288
2026-03-16 22:32:51.738   674-695   FileSystemUtils         system_server                        D  punchHolesInApk:: Size after punching holes st_blocks: 249632, st_blksize: 4096, st_size: 127926774
2026-03-16 22:32:51.738   674-695   FileSystemUtils         system_server                        D  Total number of LOAD segments 3
2026-03-16 22:32:51.738   674-695   FileSystemUtils         system_server                        D  Size before punching holes st_blocks: 249632, st_blksize: 4096, st_size: 127926774
2026-03-16 22:32:51.738   674-695   FileSystemUtils         system_server                        D  Size after punching holes st_blocks: 249632, st_blksize: 4096, st_size: 127926774
2026-03-16 22:32:51.738   674-695   FileSystemUtils         system_server                        D  Extra field length: 2403,  Size before punching holes st_blocks: 249632, st_blksize: 4096, st_size: 127926774
2026-03-16 22:32:51.738   674-695   FileSystemUtils         system_server                        D  Skipping punching apk as extra field length is less than block size
2026-03-16 22:32:51.738   674-695   NativeLibraryHelper     system_server                        W  Failed to punch apk : /data/app/vmdl825991216.tmp/base.apk at extra field
2026-03-16 22:32:51.738   674-695   FileSystemUtils         system_server                        D  Total number of LOAD segments 4
2026-03-16 22:32:51.738   674-695   FileSystemUtils         system_server                        D  Size before punching holes st_blocks: 249632, st_blksize: 4096, st_size: 127926774
2026-03-16 22:32:51.738   674-695   FileSystemUtils         system_server                        D  Size after punching holes st_blocks: 249632, st_blksize: 4096, st_size: 127926774
2026-03-16 22:32:51.738   674-695   FileSystemUtils         system_server                        D  Extra field length: 15848,  Size before punching holes st_blocks: 249632, st_blksize: 4096, st_size: 127926774
2026-03-16 22:32:51.738   674-695   FileSystemUtils         system_server                        D  Extra field length: 15848 content near offset: 0000000000000000000000000000000000000000000000000000000000000000000000000000000000000000000000000000000000000000000000000000000000000000000000000000000000000000000000000000000000000000000000000000000000000000000000000000000000000000000000000000000000000000000000000000000000000000000000000000000000000000000000000000000000000000000000000000000000000000000000000000000000000000000000000000000000000000000000000000000000000000000000000000000000000000000000000000000000000000000000000000000000000000000000000000000000000000000000000000000000000000000000000000000000000000000000000000000000000000000000000000000000000000000000000000000000000000000000000000000000000000000000000000000000000000000000000000000000000000000000000000000000000000000000000000000000000000000000000000000000000000000000000000000000000000000000000000000000000000000000000000000000000000000000000000000000000000000000000000000000000000000000000000000000000000000000000000000000000000000000000000000000000000
2026-03-16 22:32:51.738   674-695   FileSystemUtils         system_server                        D  Punching hole in file - start: 114135040 len:12288
2026-03-16 22:32:51.738   674-695   FileSystemUtils         system_server                        D  punchHolesInApk:: Size after punching holes st_blocks: 249608, st_blksize: 4096, st_size: 127926774
2026-03-16 22:32:51.738   674-695   FileSystemUtils         system_server                        D  Total number of LOAD segments 3
2026-03-16 22:32:51.738   674-695   FileSystemUtils         system_server                        D  Size before punching holes st_blocks: 249608, st_blksize: 4096, st_size: 127926774
2026-03-16 22:32:51.738   674-695   FileSystemUtils         system_server                        D  Size after punching holes st_blocks: 249608, st_blksize: 4096, st_size: 127926774
2026-03-16 22:32:51.738   674-695   FileSystemUtils         system_server                        D  Extra field length: 8330,  Size before punching holes st_blocks: 249608, st_blksize: 4096, st_size: 127926774
2026-03-16 22:32:51.738   674-695   FileSystemUtils         system_server                        D  Extra field length: 8330 content near offset: 00000000000000000000000000000000000000000000000000000000000000000000000000000000000000000000000000000000000000000000000000000000000000000000000000000000000000000000000000000000000000000000000000000000000000000000000000000000000000000000000000000000000000000000000000000000000000000000000000000000000000000000000000000000000000000000000000000000000000000000000000000000000000000000000000000000000000000000000000000000000000000000000000000000000000000000000000000000000000000000000000000000000000000000000000000000000000000000000000000000000000000000000000000000000000000000000000000000000000000000000000000000000000000000000000000000000000000000000000000000000000000000000000000000000000000000000000000000000000000000000000000000000000000000000000000000000000000000000000000000000000000000000000000000000000000000000000000000000000000000000000000000000000000000000000000000000000000000000000000000000000000000000000000000000000000000000000000000000000000000000000000000000000000
2026-03-16 22:32:51.738   674-695   FileSystemUtils         system_server                        D  Punching hole in file - start: 319488 len:8192
2026-03-16 22:32:51.738   674-695   FileSystemUtils         system_server                        D  punchHolesInApk:: Size after punching holes st_blocks: 249592, st_blksize: 4096, st_size: 127926774
2026-03-16 22:32:51.738   674-695   FileSystemUtils         system_server                        D  Total number of LOAD segments 3
2026-03-16 22:32:51.738   674-695   FileSystemUtils         system_server                        D  Size before punching holes st_blocks: 249592, st_blksize: 4096, st_size: 127926774
2026-03-16 22:32:51.738   674-695   FileSystemUtils         system_server                        D  Size after punching holes st_blocks: 249592, st_blksize: 4096, st_size: 127926774
2026-03-16 22:32:51.738   674-695   FileSystemUtils         system_server                        D  Extra field length: 12792,  Size before punching holes st_blocks: 249592, st_blksize: 4096, st_size: 127926774
2026-03-16 22:32:51.738   674-695   FileSystemUtils         system_server                        D  Extra field length: 12792 content near offset: 0000000000000000000000000000000000000000000000000000000000000000000000000000000000000000000000000000000000000000000000000000000000000000000000000000000000000000000000000000000000000000000000000000000000000000000000000000000000000000000000000000000000000000000000000000000000000000000000000000000000000000000000000000000000000000000000000000000000000000000000000000000000000000000000000000000000000000000000000000000000000000000000000000000000000000000000000000000000000000000000000000000000000000000000000000000000000000000000000000000000000000000000000000000000000000000000000000000000000000000000000000000000000000000000000000000000000000000000000000000000000000000000000000000000000000000000000000000000000000000000000000000000000000000000000000000000000000000000000000000000000000000000000000000000000000000000000000000000000000000000000000000000000000000000000000000000000000000000000000000000000000000000000000000000000000000000000000000000000000000000000000000000000000
2026-03-16 22:32:51.738   674-695   FileSystemUtils         system_server                        D  Punching hole in file - start: 544768 len:12288
2026-03-16 22:32:51.738   674-695   FileSystemUtils         system_server                        D  punchHolesInApk:: Size after punching holes st_blocks: 249568, st_blksize: 4096, st_size: 127926774
2026-03-16 22:32:51.738   674-695   FileSystemUtils         system_server                        D  Total number of LOAD segments 3
2026-03-16 22:32:51.738   674-695   FileSystemUtils         system_server                        D  Size before punching holes st_blocks: 249568, st_blksize: 4096, st_size: 127926774
2026-03-16 22:32:51.738   674-695   FileSystemUtils         system_server                        D  Size after punching holes st_blocks: 249568, st_blksize: 4096, st_size: 127926774
2026-03-16 22:32:51.738   674-695   FileSystemUtils         system_server                        D  Extra field length: 3498,  Size before punching holes st_blocks: 249568, st_blksize: 4096, st_size: 127926774
2026-03-16 22:32:51.738   674-695   FileSystemUtils         system_server                        D  Skipping punching apk as extra field length is less than block size
2026-03-16 22:32:51.738   674-695   NativeLibraryHelper     system_server                        W  Failed to punch apk : /data/app/vmdl825991216.tmp/base.apk at extra field
2026-03-16 22:32:51.738   674-695   FileSystemUtils         system_server                        D  Total number of LOAD segments 3
2026-03-16 22:32:51.738   674-695   FileSystemUtils         system_server                        D  Size before punching holes st_blocks: 249568, st_blksize: 4096, st_size: 127926774
2026-03-16 22:32:51.738   674-695   FileSystemUtils         system_server                        D  Size after punching holes st_blocks: 249568, st_blksize: 4096, st_size: 127926774
2026-03-16 22:32:51.738   674-695   FileSystemUtils         system_server                        D  Extra field length: 10766,  Size before punching holes st_blocks: 249568, st_blksize: 4096, st_size: 127926774
2026-03-16 22:32:51.738   674-695   FileSystemUtils         system_server                        D  Extra field length: 10766 content near offset: 0000000000000000000000000000000000000000000000000000000000000000000000000000000000000000000000000000000000000000000000000000000000000000000000000000000000000000000000000000000000000000000000000000000000000000000000000000000000000000000000000000000000000000000000000000000000000000000000000000000000000000000000000000000000000000000000000000000000000000000000000000000000000000000000000000000000000000000000000000000000000000000000000000000000000000000000000000000000000000000000000000000000000000000000000000000000000000000000000000000000000000000000000000000000000000000000000000000000000000000000000000000000000000000000000000000000000000000000000000000000000000000000000000000000000000000000000000000000000000000000000000000000000000000000000000000000000000000000000000000000000000000000000000000000000000000000000000000000000000000000000000000000000000000000000000000000000000000000000000000000000000000000000000000000000000000000000000000000000000000000000000000000000000
2026-03-16 22:32:51.738   674-695   FileSystemUtils         system_server                        D  Punching hole in file - start: 2236416 len:8192
2026-03-16 22:32:51.738   674-695   FileSystemUtils         system_server                        D  punchHolesInApk:: Size after punching holes st_blocks: 249552, st_blksize: 4096, st_size: 127926774
2026-03-16 22:32:51.738   674-695   FileSystemUtils         system_server                        D  Total number of LOAD segments 4
2026-03-16 22:32:51.738   674-695   FileSystemUtils         system_server                        D  Size before punching holes st_blocks: 249552, st_blksize: 4096, st_size: 127926774
2026-03-16 22:32:51.738   674-695   FileSystemUtils         system_server                        D  Size after punching holes st_blocks: 249552, st_blksize: 4096, st_size: 127926774
2026-03-16 22:32:51.738   674-695   FileSystemUtils         system_server                        D  Extra field length: 2350,  Size before punching holes st_blocks: 249552, st_blksize: 4096, st_size: 127926774
2026-03-16 22:32:51.738   674-695   FileSystemUtils         system_server                        D  Skipping punching apk as extra field length is less than block size
2026-03-16 22:32:51.738   674-695   NativeLibraryHelper     system_server                        W  Failed to punch apk : /data/app/vmdl825991216.tmp/base.apk at extra field
2026-03-16 22:32:51.738   674-695   FileSystemUtils         system_server                        D  Total number of LOAD segments 4
2026-03-16 22:32:51.738   674-695   FileSystemUtils         system_server                        D  Size before punching holes st_blocks: 249552, st_blksize: 4096, st_size: 127926774
2026-03-16 22:32:51.738   674-695   FileSystemUtils         system_server                        D  Size after punching holes st_blocks: 249552, st_blksize: 4096, st_size: 127926774
2026-03-16 22:32:51.738   674-695   FileSystemUtils         system_server                        D  Extra field length: 1599,  Size before punching holes st_blocks: 249552, st_blksize: 4096, st_size: 127926774
2026-03-16 22:32:51.738   674-695   FileSystemUtils         system_server                        D  Skipping punching apk as extra field length is less than block size
2026-03-16 22:32:51.738   674-695   NativeLibraryHelper     system_server                        W  Failed to punch apk : /data/app/vmdl825991216.tmp/base.apk at extra field
2026-03-16 22:32:51.740   674-748   InstallDependencyHelper system_server                        D  No missing dependency for com.example.swifthello
2026-03-16 22:32:51.744   674-727   Configuration           system_server                        V  Updating configuration, locales updated from [] to [en_US]
2026-03-16 22:32:51.744   674-727   system_server           system_server                        I  AssetManager2(0xb400007d4de642b8) locale list changing from [] to [en-US]
2026-03-16 22:32:51.749   674-727   PackageManager          system_server                        I  Update package com.example.swifthello code path from /data/app/~~SD5_MxZlnXG1lRxIR2xsUg==/com.example.swifthello-vyTSf_ujTW4_cOsdE1p2iw== to /data/app/vmdl825991216.tmp; Retain data and using new
2026-03-16 22:32:51.779   674-702   ActivityManager         system_server                        I  Force stopping com.example.swifthello appid=10214 user=-1: installPackageLI
2026-03-16 22:32:51.779   674-727   PackageManager          system_server                        I  installation completed for package:com.example.swifthello. Final code path: /data/app/~~sp9AuwbCWzvVQqDS_vRNMQ==/com.example.swifthello-9dIZ2wAVd53dsjamVXMn3Q==
2026-03-16 22:32:51.784   674-727   ActivityManager         system_server                        I  Force stopping com.example.swifthello appid=10214 user=0: pkg removed
2026-03-16 22:32:51.785   674-727   IPCThreadState          system_server                        W  Sending oneway calls to frozen process.
2026-03-16 22:32:51.786   674-727   IPCThreadState          system_server                        W  Sending oneway calls to frozen process.
2026-03-16 22:32:51.786   674-727   IPCThreadState          system_server                        W  Sending oneway calls to frozen process.
2026-03-16 22:32:51.786   674-727   IPCThreadState          system_server                        W  Sending oneway calls to frozen process.
2026-03-16 22:32:51.786   674-727   IPCThreadState          system_server                        W  Sending oneway calls to frozen process.
2026-03-16 22:32:51.786   674-727   IPCThreadState          system_server                        W  Sending oneway calls to frozen process.
2026-03-16 22:32:51.786   674-727   IPCThreadState          system_server                        W  Sending oneway calls to frozen process.
2026-03-16 22:32:51.786   674-727   IPCThreadState          system_server                        W  Sending oneway calls to frozen process.
2026-03-16 22:32:51.786   674-727   IPCThreadState          system_server                        W  Sending oneway calls to frozen process.
2026-03-16 22:32:51.786   674-727   IPCThreadState          system_server                        W  Sending oneway calls to frozen process.
2026-03-16 22:32:51.786   674-727   IPCThreadState          system_server                        W  Sending oneway calls to frozen process.
2026-03-16 22:32:51.786   674-727   IPCThreadState          system_server                        W  Sending oneway calls to frozen process.
2026-03-16 22:32:51.786   674-727   IPCThreadState          system_server                        W  Sending oneway calls to frozen process.
2026-03-16 22:32:51.786   674-727   IPCThreadState          system_server                        W  Sending oneway calls to frozen process.
2026-03-16 22:32:51.787   674-727   IPCThreadState          system_server                        W  Sending oneway calls to frozen process.
2026-03-16 22:32:51.787   674-727   IPCThreadState          system_server                        W  Sending oneway calls to frozen process.
2026-03-16 22:32:51.787   674-727   IPCThreadState          system_server                        W  Sending oneway calls to frozen process.
2026-03-16 22:32:51.787   674-727   IPCThreadState          system_server                        W  Sending oneway calls to frozen process.
2026-03-16 22:32:51.787   674-727   IPCThreadState          system_server                        W  Sending oneway calls to frozen process.
2026-03-16 22:32:51.787   674-727   IPCThreadState          system_server                        W  Sending oneway calls to frozen process.
2026-03-16 22:32:51.787   674-727   IPCThreadState          system_server                        W  Sending oneway calls to frozen process.
2026-03-16 22:32:51.787   674-727   IPCThreadState          system_server                        W  Sending oneway calls to frozen process.
2026-03-16 22:32:51.787   674-727   IPCThreadState          system_server                        W  Sending oneway calls to frozen process.
2026-03-16 22:32:51.787   674-727   IPCThreadState          system_server                        W  Sending oneway calls to frozen process.
2026-03-16 22:32:51.787   674-727   IPCThreadState          system_server                        W  Sending oneway calls to frozen process.
2026-03-16 22:32:51.787   674-727   IPCThreadState          system_server                        W  Sending oneway calls to frozen process.
2026-03-16 22:32:51.787   674-727   IPCThreadState          system_server                        W  Sending oneway calls to frozen process.
2026-03-16 22:32:51.787   674-727   IPCThreadState          system_server                        W  Sending oneway calls to frozen process.
2026-03-16 22:32:51.792   674-696   system_server           system_server                        I  AssetManager2(0xb400007d4de642b8) locale list changing from [] to [en-US]
2026-03-16 22:32:51.796   674-674   ActivityManager         system_server                        D  sync unfroze 5095 com.android.keychain for 10
2026-03-16 22:32:51.796  1074-1074  ControlsLi...rollerImpl com.android.systemui                 D  ServiceConfig reloaded, count: 0
2026-03-16 22:32:51.797   674-804   PackageConfigPersister  system_server                        W  App-specific configuration not found for packageName: com.example.swifthello and userId: 0
2026-03-16 22:32:51.798   674-998   AppOps                  system_server                        E  attributionTag VCN not declared in manifest of android
2026-03-16 22:32:51.798   674-1035  ShortcutService         system_server                        D  received package broadcast intent: Intent { act=android.intent.action.PACKAGE_REMOVED dat=package: flg=0x4000010 (has extras) }
2026-03-16 22:32:51.799   674-674   ActivityManager         system_server                        D  sync unfroze 3332 com.android.settings for 10
2026-03-16 22:32:51.803  1259-1259  SmsApplication          com.android.phone                    E  com.google.android.apps.messaging lost android:read_cell_broadcasts:  (fixing)
2026-03-16 22:32:51.804   674-1036  Background...rolService system_server                        D  Package event received: 0
2026-03-16 22:32:51.804  1259-1517  SatelliteAppTracker     com.android.phone                    I  onPackageUpdateFinished : com.example.swifthello
2026-03-16 22:32:51.805  1259-1517  SatelliteAppTracker     com.android.phone                    I  onPackageModified : com.example.swifthello
2026-03-16 22:32:51.806   674-2217  AppOpService            system_server                        W  Ignored setUidMode call for runtime permission app op: uid = 10146, code = READ_CELL_BROADCASTS, mode = allow, callingUid = 1001, oldMode = allow
2026-03-16 22:32:51.806   674-1044  SdkSandboxManager       system_server                        I  No SDKs used. Skipping SDK data reconcilation for CallingInfo{mUid=10214, mPackageName='com.example.swifthello, mAppProcessToken='null'}
2026-03-16 22:32:51.806  1074-1074  ControlsLi...rollerImpl com.android.systemui                 D  ServiceConfig reloaded, count: 0
2026-03-16 22:32:51.806   674-800   system_server           system_server                        I  AssetManager2(0xb400007d4de54bd8) locale list changing from [] to [en-US]
2026-03-16 22:32:51.807   674-1035  ShortcutService         system_server                        D  received package broadcast intent: Intent { act=android.intent.action.PACKAGE_ADDED dat=package: flg=0x4000010 (has extras) }
2026-03-16 22:32:51.807   674-1035  ShortcutService         system_server                        D  replacing package: com.example.swifthello userId=0
2026-03-16 22:32:51.808   674-674   Telecom                 system_server                        I  CarModeTracker: Package com.example.swifthello is not tracked.: SSH.oR@AVg
2026-03-16 22:32:51.808   674-674   Telecom                 system_server                        I  InCallController: updateCarModeForConnections: car mode apps: : SSH.oR@AVg
2026-03-16 22:32:51.808   674-674   Telecom                 system_server                        I  InCallController: update carmode current:UserHandle{0} parent:null: SSH.oR@AVg
2026-03-16 22:32:51.809   674-978   AppOpService            system_server                        W  Ignored setUidMode call for runtime permission app op: uid = 1001, code = READ_SMS, mode = allow, callingUid = 1001, oldMode = allow
2026-03-16 22:32:51.809   674-978   AppOpService            system_server                        W  Ignored setUidMode call for runtime permission app op: uid = 1001, code = RECEIVE_SMS, mode = allow, callingUid = 1001, oldMode = allow
2026-03-16 22:32:51.809   674-978   AppOpService            system_server                        W  Ignored setUidMode call for runtime permission app op: uid = 1001, code = RECEIVE_WAP_PUSH, mode = allow, callingUid = 1001, oldMode = allow
2026-03-16 22:32:51.809   674-978   AppOpService            system_server                        W  Ignored setUidMode call for runtime permission app op: uid = 1001, code = SEND_SMS, mode = allow, callingUid = 1001, oldMode = allow
2026-03-16 22:32:51.809   674-978   AppOpService            system_server                        W  Ignored setUidMode call for runtime permission app op: uid = 1001, code = READ_CELL_BROADCASTS, mode = allow, callingUid = 1001, oldMode = allow
2026-03-16 22:32:51.810   674-727   IPCThreadState          system_server                        W  Sending oneway calls to frozen process.
2026-03-16 22:32:51.810   674-727   IPCThreadState          system_server                        W  Sending oneway calls to frozen process.
2026-03-16 22:32:51.810   674-727   IPCThreadState          system_server                        W  Sending oneway calls to frozen process.
2026-03-16 22:32:51.810   674-727   IPCThreadState          system_server                        W  Sending oneway calls to frozen process.
2026-03-16 22:32:51.810   674-727   IPCThreadState          system_server                        W  Sending oneway calls to frozen process.
2026-03-16 22:32:51.810   674-727   IPCThreadState          system_server                        W  Sending oneway calls to frozen process.
2026-03-16 22:32:51.810   674-727   IPCThreadState          system_server                        W  Sending oneway calls to frozen process.
2026-03-16 22:32:51.810   674-727   IPCThreadState          system_server                        W  Sending oneway calls to frozen process.
2026-03-16 22:32:51.810   674-727   IPCThreadState          system_server                        W  Sending oneway calls to frozen process.
2026-03-16 22:32:51.810   674-727   IPCThreadState          system_server                        W  Sending oneway calls to frozen process.
2026-03-16 22:32:51.810   674-727   IPCThreadState          system_server                        W  Sending oneway calls to frozen process.
2026-03-16 22:32:51.810   674-727   IPCThreadState          system_server                        W  Sending oneway calls to frozen process.
2026-03-16 22:32:51.810  1870-1870  ActivityThread          android.process.acore                D  Package [com.example.swifthello] reported as REPLACED, but missing application info. Assuming REMOVED.
2026-03-16 22:32:51.810  6207-6207  ActivityThread          com.android.vending                  D  Package [com.example.swifthello] reported as REPLACED, but missing application info. Assuming REMOVED.
2026-03-16 22:32:51.810  5902-5902  ActivityThread          com.google.android.gms.persistent    D  Package [com.example.swifthello] reported as REPLACED, but missing application info. Assuming REMOVED.
2026-03-16 22:32:51.810  4387-4387  ActivityThread          com...le.android.apps.messaging:rcs  D  Package [com.example.swifthello] reported as REPLACED, but missing application info. Assuming REMOVED.
2026-03-16 22:32:51.810   674-727   IPCThreadState          system_server                        W  Sending oneway calls to frozen process.
2026-03-16 22:32:51.810   674-727   IPCThreadState          system_server                        W  Sending oneway calls to frozen process.
2026-03-16 22:32:51.810   674-727   IPCThreadState          system_server                        W  Sending oneway calls to frozen process.
2026-03-16 22:32:51.810   674-727   IPCThreadState          system_server                        W  Sending oneway calls to frozen process.
2026-03-16 22:32:51.810   674-727   IPCThreadState          system_server                        W  Sending oneway calls to frozen process.
2026-03-16 22:32:51.811   674-727   IPCThreadState          system_server                        W  Sending oneway calls to frozen process.
2026-03-16 22:32:51.811   674-727   IPCThreadState          system_server                        W  Sending oneway calls to frozen process.
2026-03-16 22:32:51.811   674-727   IPCThreadState          system_server                        W  Sending oneway calls to frozen process.
2026-03-16 22:32:51.811   674-727   IPCThreadState          system_server                        W  Sending oneway calls to frozen process.
2026-03-16 22:32:51.811   674-727   IPCThreadState          system_server                        W  Sending oneway calls to frozen process.
2026-03-16 22:32:51.811   674-727   IPCThreadState          system_server                        W  Sending oneway calls to frozen process.
2026-03-16 22:32:51.811   674-727   IPCThreadState          system_server                        W  Sending oneway calls to frozen process.
2026-03-16 22:32:51.811   674-727   IPCThreadState          system_server                        W  Sending oneway calls to frozen process.
2026-03-16 22:32:51.811   674-727   IPCThreadState          system_server                        W  Sending oneway calls to frozen process.
2026-03-16 22:32:51.811  1695-1695  ActivityThread          com...oglequicksearchbox:interactor  D  Package [com.example.swifthello] reported as REPLACED, but missing application info. Assuming REMOVED.
2026-03-16 22:32:51.811  1664-1664  ActivityThread          com.google.android.as                D  Package [com.example.swifthello] reported as REPLACED, but missing application info. Assuming REMOVED.
2026-03-16 22:32:51.811  1202-1202  ActivityThread          com.android.networkstack.process     D  Package [com.example.swifthello] reported as REPLACED, but missing application info. Assuming REMOVED.
2026-03-16 22:32:51.811  1377-1422  PackageUpdatedTask      com...le.android.apps.nexuslauncher  D  Package updated: mOp=UPDATE packages=[com.example.swifthello], user=UserHandle{0}
2026-03-16 22:32:51.811  1670-1670  ActivityThread          com...ndroid.providers.media.module  D  Package [com.example.swifthello] reported as REPLACED, but missing application info. Assuming REMOVED.
2026-03-16 22:32:51.812  1074-1074  ActivityThread          com.android.systemui                 D  Package [com.example.swifthello] reported as REPLACED, but missing application info. Assuming REMOVED.
2026-03-16 22:32:51.812  1377-1377  ActivityThread          com...le.android.apps.nexuslauncher  D  Package [com.example.swifthello] reported as REPLACED, but missing application info. Assuming REMOVED.
2026-03-16 22:32:51.812  6206-6206  ActivityThread          com...gle.android.inputmethod.latin  D  Package [com.example.swifthello] reported as REPLACED, but missing application info. Assuming REMOVED.
2026-03-16 22:32:51.812  1259-1259  CarrierSvcBindHelper    com.android.phone                    D  onPackageUpdateFinished: com.example.swifthello
2026-03-16 22:32:51.813  6208-6208  ActivityThread          com.google.android.apps.wellbeing    D  Package [com.example.swifthello] reported as REPLACED, but missing application info. Assuming REMOVED.
2026-03-16 22:32:51.813  1248-1248  ActivityThread          com.android.se                       D  Package [com.example.swifthello] reported as REPLACED, but missing application info. Assuming REMOVED.
2026-03-16 22:32:51.813   674-674   AppSearchA...erManagerS system_server                        D  userid in package receiver: 10214
2026-03-16 22:32:51.813  4494-4494  ActivityThread          com.google.android.ext.services      D  Package [com.example.swifthello] reported as REPLACED, but missing application info. Assuming REMOVED.
2026-03-16 22:32:51.813  1716-1716  ActivityThread          com.android.emulator.multidisplay    D  Package [com.example.swifthello] reported as REPLACED, but missing application info. Assuming REMOVED.
2026-03-16 22:32:51.814  1377-1422  HWUI                    com...le.android.apps.nexuslauncher  W  Image decoding logging dropped!
2026-03-16 22:32:51.814  1377-1422  LauncherAc...chingLogic com...le.android.apps.nexuslauncher  W  loadIcon: Default app icon returned from PackageManager. component=ComponentInfo{com.example.swifthello/com.example.swifthello.MainActivity}, user=UserHandle{0}
                                                                                                    java.lang.Exception
                                                                                                    	at com.android.launcher3.icons.cache.LauncherActivityCachingLogic.loadIcon(go/retraceme 72a59688580715d19f0e415c69e80376c2f062d1648c80db6730905005a27c20:11)
                                                                                                    	at com.android.launcher3.icons.cache.LauncherActivityCachingLogic.loadIcon(go/retraceme 72a59688580715d19f0e415c69e80376c2f062d1648c80db6730905005a27c20:1)
                                                                                                    	at com.android.launcher3.icons.cache.BaseIconCache.addIconToDBAndMemCache(go/retraceme 72a59688580715d19f0e415c69e80376c2f062d1648c80db6730905005a27c20:23)
                                                                                                    	at com.android.launcher3.icons.IconCache.updateIconsForPkg(go/retraceme 72a59688580715d19f0e415c69e80376c2f062d1648c80db6730905005a27c20:35)
                                                                                                    	at com.android.launcher3.model.PackageUpdatedTask.execute(go/retraceme 72a59688580715d19f0e415c69e80376c2f062d1648c80db6730905005a27c20:302)
                                                                                                    	at com.android.launcher3.LauncherModel$enqueueModelUpdateTask$1.run(go/retraceme 72a59688580715d19f0e415c69e80376c2f062d1648c80db6730905005a27c20:39)
                                                                                                    	at com.android.launcher3.util.LooperExecutor.execute(go/retraceme 72a59688580715d19f0e415c69e80376c2f062d1648c80db6730905005a27c20:20)
                                                                                                    	at com.android.launcher3.LauncherModel.enqueueModelUpdateTask(go/retraceme 72a59688580715d19f0e415c69e80376c2f062d1648c80db6730905005a27c20:16)
                                                                                                    	at com.android.launcher3.LauncherModel$newModelCallbacks$1.accept(go/retraceme 72a59688580715d19f0e415c69e80376c2f062d1648c80db6730905005a27c20:1)
                                                                                                    	at com.android.launcher3.LauncherModel$newModelCallbacks$1.accept(go/retraceme 72a59688580715d19f0e415c69e80376c2f062d1648c80db6730905005a27c20:2)
                                                                                                    	at com.android.launcher3.model.ModelLauncherCallbacks.onPackageChanged(go/retraceme 72a59688580715d19f0e415c69e80376c2f062d1648c80db6730905005a27c20:19)
                                                                                                    	at android.content.pm.LauncherApps$CallbackMessageHandler.handleMessage(LauncherApps.java:2265)
                                                                                                    	at android.os.Handler.dispatchMessage(Handler.java:110)
                                                                                                    	at android.os.Looper.loopOnce(Looper.java:248)
                                                                                                    	at android.os.Looper.loop(Looper.java:338)
                                                                                                    	at android.os.HandlerThread.run(HandlerThread.java:85)
2026-03-16 22:32:51.815   674-674   BackupManagerConstants  system_server                        D  getFullBackupIntervalMilliseconds(...) returns 86400000
2026-03-16 22:32:51.815   674-674   BackupManagerConstants  system_server                        D  getFullBackupRequiredNetworkType(...) returns 2
2026-03-16 22:32:51.815   674-1036  Background...rolService system_server                        D  Package event received: 0
2026-03-16 22:32:51.815   674-674   BackupManagerConstants  system_server                        D  getFullBackupRequireCharging(...) returns true
2026-03-16 22:32:51.817   674-779   RoleService             system_server                        I  Granting default roles...
2026-03-16 22:32:51.817  1259-1259  CarrierSvcBindHelper    com.android.phone                    D  No carrier app for: 0
2026-03-16 22:32:51.817  1259-1259  CarrierSvcBindHelper    com.android.phone                    D  onPackageModified: com.example.swifthello
2026-03-16 22:32:51.817  1259-1259  CarrierSvcBindHelper    com.android.phone                    D  No carrier app for: 0
2026-03-16 22:32:51.817  5892-5892  ActivityThread          com.google.android.gms               D  Package [com.example.swifthello] reported as REPLACED, but missing application info. Assuming REMOVED.
2026-03-16 22:32:51.817  3332-3332  ActivityThread          com.android.settings                 D  Package [com.example.swifthello] reported as REPLACED, but missing application info. Assuming REMOVED.
2026-03-16 22:32:51.818   674-1036  Background...rolService system_server                        D  Package event received: 0
2026-03-16 22:32:51.820  1377-1422  HWUI                    com...le.android.apps.nexuslauncher  W  Image decoding logging dropped!
2026-03-16 22:32:51.821  1377-1422  LauncherAc...chingLogic com...le.android.apps.nexuslauncher  W  loadIcon: Default app icon returned from PackageManager. component=ComponentInfo{com.example.swifthello/com.example.swifthello.MainActivity}, user=UserHandle{0}
                                                                                                    java.lang.Exception
                                                                                                    	at com.android.launcher3.icons.cache.LauncherActivityCachingLogic.loadIcon(go/retraceme 72a59688580715d19f0e415c69e80376c2f062d1648c80db6730905005a27c20:11)
                                                                                                    	at com.android.launcher3.icons.cache.LauncherActivityCachingLogic.loadIcon(go/retraceme 72a59688580715d19f0e415c69e80376c2f062d1648c80db6730905005a27c20:1)
                                                                                                    	at com.android.launcher3.icons.cache.BaseIconCache.loadFallbackIcon(go/retraceme 72a59688580715d19f0e415c69e80376c2f062d1648c80db6730905005a27c20:17)
                                                                                                    	at com.android.launcher3.icons.cache.BaseIconCache.cacheLocked(go/retraceme 72a59688580715d19f0e415c69e80376c2f062d1648c80db6730905005a27c20:14)
                                                                                                    	at com.android.launcher3.icons.cache.BaseIconCache.cacheLocked$default(go/retraceme 72a59688580715d19f0e415c69e80376c2f062d1648c80db6730905005a27c20:15)
                                                                                                    	at com.android.launcher3.icons.cache.BaseIconCache.cacheLocked(go/retraceme 72a59688580715d19f0e415c69e80376c2f062d1648c80db6730905005a27c20:1)
                                                                                                    	at com.android.launcher3.icons.IconCache.getTitleAndIcon(go/retraceme 72a59688580715d19f0e415c69e80376c2f062d1648c80db6730905005a27c20:13)
                                                                                                    	at com.android.launcher3.icons.IconCache.getTitleAndIcon(go/retraceme 72a59688580715d19f0e415c69e80376c2f062d1648c80db6730905005a27c20:2)
                                                                                                    	at com.android.launcher3.model.AllAppsList.updatePackage(go/retraceme 72a59688580715d19f0e415c69e80376c2f062d1648c80db6730905005a27c20:163)
                                                                                                    	at com.android.launcher3.model.PackageUpdatedTask.execute(go/retraceme 72a59688580715d19f0e415c69e80376c2f062d1648c80db6730905005a27c20:309)
                                                                                                    	at com.android.launcher3.LauncherModel$enqueueModelUpdateTask$1.run(go/retraceme 72a59688580715d19f0e415c69e80376c2f062d1648c80db6730905005a27c20:39)
                                                                                                    	at com.android.launcher3.util.LooperExecutor.execute(go/retraceme 72a59688580715d19f0e415c69e80376c2f062d1648c80db6730905005a27c20:20)
                                                                                                    	at com.android.launcher3.LauncherModel.enqueueModelUpdateTask(go/retraceme 72a59688580715d19f0e415c69e80376c2f062d1648c80db6730905005a27c20:16)
                                                                                                    	at com.android.launcher3.LauncherModel$newModelCallbacks$1.accept(go/retraceme 72a59688580715d19f0e415c69e80376c2f062d1648c80db6730905005a27c20:1)
                                                                                                    	at com.android.launcher3.LauncherModel$newModelCallbacks$1.accept(go/retraceme 72a59688580715d19f0e415c69e80376c2f062d1648c80db6730905005a27c20:2)
                                                                                                    	at com.android.launcher3.model.ModelLauncherCallbacks.onPackageChanged(go/retraceme 72a59688580715d19f0e415c69e80376c2f062d1648c80db6730905005a27c20:19)
                                                                                                    	at android.content.pm.LauncherApps$CallbackMessageHandler.handleMessage(LauncherApps.java:2265)
                                                                                                    	at android.os.Handler.dispatchMessage(Handler.java:110)
                                                                                                    	at android.os.Looper.loopOnce(Looper.java:248)
                                                                                                    	at android.os.Looper.loop(Looper.java:338)
                                                                                                    	at android.os.HandlerThread.run(HandlerThread.java:85)
2026-03-16 22:32:51.822  5095-5095  ActivityThread          com.android.keychain                 D  Package [com.example.swifthello] reported as REPLACED, but missing application info. Assuming REMOVED.
2026-03-16 22:32:51.824  1377-1422  AlphabeticIndexCompat   com...le.android.apps.nexuslauncher  D  computeSectionName: cs: SwiftHello sectionName: S
2026-03-16 22:32:51.824  1377-1377  AllAppsStore            com...le.android.apps.nexuslauncher  D  setApps: apps.length=20
2026-03-16 22:32:51.824  1377-1377  AllAppsStore            com...le.android.apps.nexuslauncher  D  notifyUpdate: notifying listeners
2026-03-16 22:32:51.824  1377-1377  ActivityAl...tainerView com...le.android.apps.nexuslauncher  D  onAppsUpdated; number of apps: 20
2026-03-16 22:32:51.824  1377-1377  ActivityAl...tainerView com...le.android.apps.nexuslauncher  D  rebindAdapters: force: false
2026-03-16 22:32:51.824  1377-1377  ActivityAl...tainerView com...le.android.apps.nexuslauncher  D  rebindAdapters: Not needed.
2026-03-16 22:32:51.824  1377-1377  StatsLog                com...le.android.apps.nexuslauncher  D  LAUNCHER_ALLAPPS_COUNT
2026-03-16 22:32:51.824  1377-1377  AlphabeticalAppsList    com...le.android.apps.nexuslauncher  D  Clearing FastScrollerSections.
2026-03-16 22:32:51.824  1377-1377  AlphabeticalAppsList    com...le.android.apps.nexuslauncher  D  Adding apps with sections. HasPrivateApps: false
2026-03-16 22:32:51.824  1377-1377  AlphabeticalAppsList    com...le.android.apps.nexuslauncher  D  addAppsWithSections: adding sectionName: C with appInfoTitle: Calendar
2026-03-16 22:32:51.824  1377-1377  AlphabeticalAppsList    com...le.android.apps.nexuslauncher  D  addAppsWithSections: adding sectionName: D with appInfoTitle: Drive
2026-03-16 22:32:51.824  1377-1377  AlphabeticalAppsList    com...le.android.apps.nexuslauncher  D  addAppsWithSections: adding sectionName: F with appInfoTitle: Files
2026-03-16 22:32:51.824  1377-1377  AlphabeticalAppsList    com...le.android.apps.nexuslauncher  D  addAppsWithSections: adding sectionName: G with appInfoTitle: Gmail
2026-03-16 22:32:51.824  1377-1377  AlphabeticalAppsList    com...le.android.apps.nexuslauncher  D  addAppsWithSections: adding sectionName: M with appInfoTitle: Maps
2026-03-16 22:32:51.824  1377-1377  AlphabeticalAppsList    com...le.android.apps.nexuslauncher  D  addAppsWithSections: adding sectionName: P with appInfoTitle: Phone
2026-03-16 22:32:51.824  1377-1377  AlphabeticalAppsList    com...le.android.apps.nexuslauncher  D  addAppsWithSections: adding sectionName: S with appInfoTitle: Safety
2026-03-16 22:32:51.824  1377-1377  AlphabeticalAppsList    com...le.android.apps.nexuslauncher  D  addAppsWithSections: adding sectionName: T with appInfoTitle: TMoble
2026-03-16 22:32:51.824  1377-1377  AlphabeticalAppsList    com...le.android.apps.nexuslauncher  D  addAppsWithSections: adding sectionName: Y with appInfoTitle: YouTube
2026-03-16 22:32:51.824  1377-1377  AlphabeticalAppsList    com...le.android.apps.nexuslauncher  D  Adding FastScrollSection duplicate to scroll to the bottom.
2026-03-16 22:32:51.824  1377-1377  AlphabeticalAppsList    com...le.android.apps.nexuslauncher  D  Clearing FastScrollerSections.
2026-03-16 22:32:51.824  1377-1377  AlphabeticalAppsList    com...le.android.apps.nexuslauncher  D  Adding apps with sections. HasPrivateApps: false
2026-03-16 22:32:51.824  1377-1377  AlphabeticalAppsList    com...le.android.apps.nexuslauncher  D  addAppsWithSections: adding sectionName: C with appInfoTitle: Calendar
2026-03-16 22:32:51.824  1377-1377  AlphabeticalAppsList    com...le.android.apps.nexuslauncher  D  addAppsWithSections: adding sectionName: D with appInfoTitle: Drive
2026-03-16 22:32:51.824  1377-1377  AlphabeticalAppsList    com...le.android.apps.nexuslauncher  D  addAppsWithSections: adding sectionName: F with appInfoTitle: Files
2026-03-16 22:32:51.824  1377-1377  AlphabeticalAppsList    com...le.android.apps.nexuslauncher  D  addAppsWithSections: adding sectionName: G with appInfoTitle: Gmail
2026-03-16 22:32:51.824  1377-1377  AlphabeticalAppsList    com...le.android.apps.nexuslauncher  D  addAppsWithSections: adding sectionName: M with appInfoTitle: Maps
2026-03-16 22:32:51.824  1377-1377  AlphabeticalAppsList    com...le.android.apps.nexuslauncher  D  addAppsWithSections: adding sectionName: P with appInfoTitle: Phone
2026-03-16 22:32:51.824  1377-1377  AlphabeticalAppsList    com...le.android.apps.nexuslauncher  D  addAppsWithSections: adding sectionName: S with appInfoTitle: Safety
2026-03-16 22:32:51.824  1377-1377  AlphabeticalAppsList    com...le.android.apps.nexuslauncher  D  addAppsWithSections: adding sectionName: T with appInfoTitle: TMoble
2026-03-16 22:32:51.824  1377-1377  AlphabeticalAppsList    com...le.android.apps.nexuslauncher  D  addAppsWithSections: adding sectionName: Y with appInfoTitle: YouTube
2026-03-16 22:32:51.824  1377-1377  AlphabeticalAppsList    com...le.android.apps.nexuslauncher  D  Adding FastScrollSection duplicate to scroll to the bottom.
2026-03-16 22:32:51.827  1377-1377  b/387844520             com...le.android.apps.nexuslauncher  D  getOutlineOffsetX: measured width = 173, mNormalizedIconSize = 159, last updated width = 173
2026-03-16 22:32:51.828  5095-5102  ndroid.keychain         com.android.keychain                 W  Reducing the number of considered missed Gc histogram windows from 214 to 100
2026-03-16 22:32:51.828  1259-1259  SmsApplication          com.android.phone                    E  com.google.android.apps.messaging lost android:read_cell_broadcasts:  (fixing)
2026-03-16 22:32:51.828   674-2134  AppOpService            system_server                        W  Ignored setUidMode call for runtime permission app op: uid = 10146, code = READ_CELL_BROADCASTS, mode = allow, callingUid = 1001, oldMode = allow
2026-03-16 22:32:51.829   674-2134  AppOpService            system_server                        W  Ignored setUidMode call for runtime permission app op: uid = 1001, code = READ_SMS, mode = allow, callingUid = 1001, oldMode = allow
2026-03-16 22:32:51.829   674-2134  AppOpService            system_server                        W  Ignored setUidMode call for runtime permission app op: uid = 1001, code = RECEIVE_SMS, mode = allow, callingUid = 1001, oldMode = allow
2026-03-16 22:32:51.829   674-2134  AppOpService            system_server                        W  Ignored setUidMode call for runtime permission app op: uid = 1001, code = RECEIVE_WAP_PUSH, mode = allow, callingUid = 1001, oldMode = allow
2026-03-16 22:32:51.829   674-1053  AppOpService            system_server                        W  Ignored setUidMode call for runtime permission app op: uid = 1001, code = SEND_SMS, mode = allow, callingUid = 1001, oldMode = allow
2026-03-16 22:32:51.829   674-2134  AppOpService            system_server                        W  Ignored setUidMode call for runtime permission app op: uid = 1001, code = READ_CELL_BROADCASTS, mode = allow, callingUid = 1001, oldMode = allow
2026-03-16 22:32:51.834  1259-1259  SmsApplication          com.android.phone                    E  com.google.android.apps.messaging lost android:read_cell_broadcasts:  (fixing)
2026-03-16 22:32:51.835   674-2134  AppOpService            system_server                        W  Ignored setUidMode call for runtime permission app op: uid = 10146, code = READ_CELL_BROADCASTS, mode = allow, callingUid = 1001, oldMode = allow
2026-03-16 22:32:51.835   674-2134  AppOpService            system_server                        W  Ignored setUidMode call for runtime permission app op: uid = 1001, code = READ_SMS, mode = allow, callingUid = 1001, oldMode = allow
2026-03-16 22:32:51.835   674-1053  AppOpService            system_server                        W  Ignored setUidMode call for runtime permission app op: uid = 1001, code = RECEIVE_SMS, mode = allow, callingUid = 1001, oldMode = allow
2026-03-16 22:32:51.835   674-688   AppOpService            system_server                        W  Ignored setUidMode call for runtime permission app op: uid = 1001, code = RECEIVE_WAP_PUSH, mode = allow, callingUid = 1001, oldMode = allow
2026-03-16 22:32:51.835   674-688   AppOpService            system_server                        W  Ignored setUidMode call for runtime permission app op: uid = 1001, code = SEND_SMS, mode = allow, callingUid = 1001, oldMode = allow
2026-03-16 22:32:51.835   674-688   AppOpService            system_server                        W  Ignored setUidMode call for runtime permission app op: uid = 1001, code = READ_CELL_BROADCASTS, mode = allow, callingUid = 1001, oldMode = allow
2026-03-16 22:32:51.836  1259-1514  ImsResolver             com.android.phone                    D  maybeAddedImsService, packageName: com.example.swifthello
2026-03-16 22:32:51.836  1259-1514  ImsResolver             com.android.phone                    V  searchForImsServices: package=com.example.swifthello, users=[UserHandle{0}]
2026-03-16 22:32:51.836  1259-1514  ImsResolver             com.android.phone                    V  searchForImsServices: package=com.example.swifthello, users=[UserHandle{0}]
2026-03-16 22:32:51.837  1664-8605  AiAiEcho                com.google.android.as                I  AppIndexer Package:[com.example.swifthello] UserProfile:[0] Enabled:[true].
2026-03-16 22:32:51.837  1664-8605  AiAiEcho                com.google.android.as                I  AppFetcherImplV2 updateApps package:[com.example.swifthello], userId:[0], reason:[package is updated.].
2026-03-16 22:32:51.839  1083-1083  ActivityThread          com....android.permissioncontroller  D  Package [com.example.swifthello] reported as REPLACED, but missing application info. Assuming REMOVED.
2026-03-16 22:32:51.840   674-1059  ActivityManager         system_server                        D  sync unfroze 1083 com.google.android.permissioncontroller for 6
2026-03-16 22:32:51.841   674-1036  Background...rolService system_server                        D  Package event received: 0
2026-03-16 22:32:51.846  6207-6207  Finsky                  com.android.vending                  I  [2] Memory trim requested to level 40
2026-03-16 22:32:51.846  6207-6207  Finsky                  com.android.vending                  I  [2] Flushing in-memory image cache
2026-03-16 22:32:51.846  6207-6207  Finsky                  com.android.vending                  I  [2] Memory trim requested to level 40
2026-03-16 22:32:51.846  6207-6207  Finsky                  com.android.vending                  I  [2] Flushing in-memory image cache
2026-03-16 22:32:51.846  1074-1074  ControlsLi...rollerImpl com.android.systemui                 D  ServiceConfig reloaded, count: 0
2026-03-16 22:32:51.847   674-674   AlarmManager            system_server                        W  Package com.example.swifthello, uid 10214 lost permission to set exact alarms!
2026-03-16 22:32:51.847   674-674   ActivityThread          system_server                        D  Package [com.example.swifthello] reported as REPLACED, but missing application info. Assuming REMOVED.
2026-03-16 22:32:51.849   674-702   ActivityManager         system_server                        D  sync unfroze 5142 com.android.vending:background for 3
2026-03-16 22:32:51.852  5142-5142  Finsky:background       com.android.vending:background       I  [2] Memory trim requested to level 40
2026-03-16 22:32:51.853  5142-5142  Finsky:background       com.android.vending:background       I  [2] Memory trim requested to level 40
2026-03-16 22:32:51.853  5142-5142  Finsky:background       com.android.vending:background       I  [2] Memory trim requested to level 40
2026-03-16 22:32:51.853  5142-5142  ActivityThread          com.android.vending:background       D  Package [com.example.swifthello] reported as REPLACED, but missing application info. Assuming REMOVED.
2026-03-16 22:32:51.853   674-1044  SdkSandboxManager       system_server                        I  No SDKs used. Skipping SDK data reconcilation for CallingInfo{mUid=10214, mPackageName='com.example.swifthello, mAppProcessToken='null'}
2026-03-16 22:32:51.853  1259-1259  VvmPkgInstalledRcvr     com.android.phone                    W  carrierVvmPkgAdded: carrier vvm packages doesn't contain com.example.swifthello
2026-03-16 22:32:51.853  1259-1259  ActivityThread          com.android.phone                    D  Package [com.example.swifthello] reported as REPLACED, but missing application info. Assuming REMOVED.
2026-03-16 22:32:51.853  5902-5902  ActivityThread          com.google.android.gms.persistent    D  Package [com.example.swifthello] reported as REPLACED, but missing application info. Assuming REMOVED.
2026-03-16 22:32:51.853  6208-6208  ActivityThread          com.google.android.apps.wellbeing    D  Package [com.example.swifthello] reported as REPLACED, but missing application info. Assuming REMOVED.
2026-03-16 22:32:51.854  1377-1377  ActivityThread          com...le.android.apps.nexuslauncher  D  Package [com.example.swifthello] reported as REPLACED, but missing application info. Assuming REMOVED.
2026-03-16 22:32:51.854   674-727   IPCThreadState          system_server                        W  Sending oneway calls to frozen process.
2026-03-16 22:32:51.854   674-727   IPCThreadState          system_server                        W  Sending oneway calls to frozen process.
2026-03-16 22:32:51.854   674-727   IPCThreadState          system_server                        W  Sending oneway calls to frozen process.
2026-03-16 22:32:51.854  1695-1695  ActivityThread          com...oglequicksearchbox:interactor  D  Package [com.example.swifthello] reported as REPLACED, but missing application info. Assuming REMOVED.
2026-03-16 22:32:51.854  1664-1664  ActivityThread          com.google.android.as                D  Package [com.example.swifthello] reported as REPLACED, but missing application info. Assuming REMOVED.
2026-03-16 22:32:51.854   674-727   IPCThreadState          system_server                        W  Sending oneway calls to frozen process.
2026-03-16 22:32:51.854   674-727   IPCThreadState          system_server                        W  Sending oneway calls to frozen process.
2026-03-16 22:32:51.854   674-727   IPCThreadState          system_server                        W  Sending oneway calls to frozen process.
2026-03-16 22:32:51.854   674-727   IPCThreadState          system_server                        W  Sending oneway calls to frozen process.
2026-03-16 22:32:51.854   674-727   IPCThreadState          system_server                        W  Sending oneway calls to frozen process.
2026-03-16 22:32:51.854   674-727   IPCThreadState          system_server                        W  Sending oneway calls to frozen process.
2026-03-16 22:32:51.854   674-727   IPCThreadState          system_server                        W  Sending oneway calls to frozen process.
2026-03-16 22:32:51.854  4387-4387  ActivityThread          com...le.android.apps.messaging:rcs  D  Package [com.example.swifthello] reported as REPLACED, but missing application info. Assuming REMOVED.
2026-03-16 22:32:51.854   674-727   IPCThreadState          system_server                        W  Sending oneway calls to frozen process.
2026-03-16 22:32:51.854   674-727   IPCThreadState          system_server                        W  Sending oneway calls to frozen process.
2026-03-16 22:32:51.854   674-727   IPCThreadState          system_server                        W  Sending oneway calls to frozen process.
2026-03-16 22:32:51.854   674-727   IPCThreadState          system_server                        W  Sending oneway calls to frozen process.
2026-03-16 22:32:51.854   674-727   IPCThreadState          system_server                        W  Sending oneway calls to frozen process.
2026-03-16 22:32:51.854   674-727   IPCThreadState          system_server                        W  Sending oneway calls to frozen process.
2026-03-16 22:32:51.854   674-727   IPCThreadState          system_server                        W  Sending oneway calls to frozen process.
2026-03-16 22:32:51.854   674-727   IPCThreadState          system_server                        W  Sending oneway calls to frozen process.
2026-03-16 22:32:51.854   674-727   IPCThreadState          system_server                        W  Sending oneway calls to frozen process.
2026-03-16 22:32:51.854   674-727   IPCThreadState          system_server                        W  Sending oneway calls to frozen process.
2026-03-16 22:32:51.854   674-727   IPCThreadState          system_server                        W  Sending oneway calls to frozen process.
2026-03-16 22:32:51.854   674-727   IPCThreadState          system_server                        W  Sending oneway calls to frozen process.
2026-03-16 22:32:51.854   674-727   IPCThreadState          system_server                        W  Sending oneway calls to frozen process.
2026-03-16 22:32:51.854   674-727   IPCThreadState          system_server                        W  Sending oneway calls to frozen process.
2026-03-16 22:32:51.854  3332-3332  ActivityThread          com.android.settings                 D  Package [com.example.swifthello] reported as REPLACED, but missing application info. Assuming REMOVED.
2026-03-16 22:32:51.855  5892-5892  ActivityThread          com.google.android.gms               D  Package [com.example.swifthello] reported as REPLACED, but missing application info. Assuming REMOVED.
2026-03-16 22:32:51.855  6206-6206  ActivityThread          com...gle.android.inputmethod.latin  D  Package [com.example.swifthello] reported as REPLACED, but missing application info. Assuming REMOVED.
2026-03-16 22:32:51.855  1870-1870  ActivityThread          android.process.acore                D  Package [com.example.swifthello] reported as REPLACED, but missing application info. Assuming REMOVED.
2026-03-16 22:32:51.855  1670-1670  ActivityThread          com...ndroid.providers.media.module  D  Package [com.example.swifthello] reported as REPLACED, but missing application info. Assuming REMOVED.
2026-03-16 22:32:51.855  1248-1248  ActivityThread          com.android.se                       D  Package [com.example.swifthello] reported as REPLACED, but missing application info. Assuming REMOVED.
2026-03-16 22:32:51.855  1202-1202  ActivityThread          com.android.networkstack.process     D  Package [com.example.swifthello] reported as REPLACED, but missing application info. Assuming REMOVED.
2026-03-16 22:32:51.855  5095-5095  ActivityThread          com.android.keychain                 D  Package [com.example.swifthello] reported as REPLACED, but missing application info. Assuming REMOVED.
2026-03-16 22:32:51.855  1074-1074  ActivityThread          com.android.systemui                 D  Package [com.example.swifthello] reported as REPLACED, but missing application info. Assuming REMOVED.
2026-03-16 22:32:51.856  4494-4494  ActivityThread          com.google.android.ext.services      D  Package [com.example.swifthello] reported as REPLACED, but missing application info. Assuming REMOVED.
2026-03-16 22:32:51.856   674-727   PackageInstallerSession system_server                        D  Marking session 825991216 as applied
2026-03-16 22:32:51.856  6207-6207  Finsky                  com.android.vending                  I  [2] aigd - Received: android.intent.action.PACKAGE_REMOVED, [FHsqWZM87jJ4pU48AppMogbMwG5aplmiWr3F9nbT6hY]
2026-03-16 22:32:51.857   674-748   InstallDependencyHelper system_server                        D  Session complete for 825991216
2026-03-16 22:32:51.860  1716-1716  ActivityThread          com.android.emulator.multidisplay    D  Package [com.example.swifthello] reported as REPLACED, but missing application info. Assuming REMOVED.
2026-03-16 22:32:51.862   674-1205  SignedPackage           system_server                        W  Package doesn't have required signing certificate: com.google.android.retaildemo
2026-03-16 22:32:51.862   674-1205  RoleContro...erviceImpl system_server                        E  Default/fallback role holder package doesn't qualify for the role, package: com.google.android.gms.supervision, role: android.app.role.SYSTEM_SUPERVISION
2026-03-16 22:32:51.863  5142-5142  Finsky:background       com.android.vending:background       I  [2] Memory trim requested to level 40
2026-03-16 22:32:51.863  5142-5142  Finsky:background       com.android.vending:background       I  [2] Memory trim requested to level 40
2026-03-16 22:32:51.863  5142-5142  Finsky:background       com.android.vending:background       I  [2] aift - Received: android.intent.action.PACKAGE_REMOVED, [FHsqWZM87jJ4pU48AppMogbMwG5aplmiWr3F9nbT6hY]
2026-03-16 22:32:51.864   674-674   AppSearchA...erManagerS system_server                        D  userid in package receiver: 10214
2026-03-16 22:32:51.864   674-674   ActivityThread          system_server                        D  Package [com.example.swifthello] reported as REPLACED, but missing application info. Assuming REMOVED.
2026-03-16 22:32:51.865  1259-1259  SatelliteController     com.android.phone                    D  packageStateChanged: package:com.example.swifthello DefaultSmsPackageName:com.google.android.apps.messaging
2026-03-16 22:32:51.865  1259-1259  SatelliteController     com.android.phone                    V  Neither SMS or SatelliteGateway package
2026-03-16 22:32:51.865  1259-1259  ActivityThread          com.android.phone                    D  Package [com.example.swifthello] reported as REPLACED, but missing application info. Assuming REMOVED.
2026-03-16 22:32:51.865   674-800   system_server           system_server                        I  AssetManager2(0xb400007d4de610b8) locale list changing from [] to [en-US]
2026-03-16 22:32:51.868   674-695   AtomicFile              system_server                        E  Failed to rename /data/system/install_sessions.xml.new to /data/system/install_sessions.xml
2026-03-16 22:32:51.868   524-524   SurfaceFlinger          surfaceflinger                       E  Out of order buffers detected for RequestedLayerState{com.google.android.apps.nexuslauncher/com.google.android.apps.nexuslauncher.NexusLauncherActivity#139 parentId=135} producedId=7 frameNumber=187 -> producedId=7 frameNumber=90
2026-03-16 22:32:51.872  1083-1083  SafetyLabe...stReceiver com....android.permissioncontroller  I  received broadcast packageName: com.example.swifthello, current user: UserHandle{0}, packageChangeEvent: UPDATE, intent user: UserHandle{0}
2026-03-16 22:32:51.876  1083-3008  Permission...erviceImpl com....android.permissioncontroller  I  Updating user sensitive for uid 10214
2026-03-16 22:32:51.877   674-800   system_server           system_server                        I  AssetManager2(0xb400007d4de60d98) locale list changing from [] to [en-US]
2026-03-16 22:32:51.879   674-1205  SignedPackage           system_server                        W  Package doesn't have required signing certificate: com.google.android.apps.work.clouddpc
2026-03-16 22:32:51.882  1083-1083  ActivityThread          com....android.permissioncontroller  D  Package [com.example.swifthello] reported as REPLACED, but missing application info. Assuming REMOVED.
2026-03-16 22:32:51.886   674-750   ActivityManager         system_server                        I  Force stopping com.example.swifthello appid=10214 user=0: from pid 8612
2026-03-16 22:32:51.886   674-1205  Role                    system_server                        I  com.google.android.gms not qualified for android.app.role.SYSTEM_DEPENDENCY_INSTALLER due to missing RequiredComponent{mIntentFilterData=IntentFilterData{mAction='android.content.pm.action.INSTALL_DEPENDENCY', mCategories='[]', mDataScheme='null', mDataType='null'}, mMinTargetSdkVersion=1, mFlags='0', mPermission='android.permission.BIND_DEPENDENCY_INSTALLER', mQueryFlags=0, mMetaData=[]}
2026-03-16 22:32:51.886   674-1205  RoleContro...erviceImpl system_server                        E  Default/fallback role holder package doesn't qualify for the role, package: com.google.android.gms, role: android.app.role.SYSTEM_DEPENDENCY_INSTALLER
2026-03-16 22:32:51.892  1259-1259  CarrierSvcBindHelper    com.android.phone                    D  onHandleForceStop: [com.example.swifthello]
2026-03-16 22:32:51.892  1259-1259  CarrierSvcBindHelper    com.android.phone                    D  No carrier app for: 0
2026-03-16 22:32:51.902  5142-8620  Finsky:background       com.android.vending:background       I  [133] Wrote row to frosting DB: 330
2026-03-16 22:32:51.907   674-1205  RoleContro...erviceImpl system_server                        E  Default/fallback role holder package doesn't qualify for the role, package: com.google.android.gms, role: android.app.role.WALLET
2026-03-16 22:32:51.924  5142-5142  Finsky:background       com.android.vending:background       I  [2] aift - Received: android.intent.action.PACKAGE_ADDED, [FHsqWZM87jJ4pU48AppMogbMwG5aplmiWr3F9nbT6hY]
2026-03-16 22:32:51.928  5142-5237  Finsky:background       com.android.vending:background       I  [62] IQ:PSL: skipping onPackageRemoved(replacing=true) for untracked package=com.example.swifthello
2026-03-16 22:32:51.929   674-2193  ActivityTaskManager     system_server                        W  callingPackage for (uid=2000, pid=8619) has no WPC
2026-03-16 22:32:51.929  6207-6207  Finsky                  com.android.vending                  I  [2] SCH: Received scheduling request: Id: 12-1, Constraints: [{ L: 15000, D: 86400000, C: CHARGING_NONE, I: IDLE_NONE, N: NET_ANY, B: BATTERY_ANY }]
2026-03-16 22:32:51.930   674-800   system_server           system_server                        I  AssetManager2(0xb400007d4de65bb8) locale list changing from [] to [en-US]
2026-03-16 22:32:51.933   674-2193  system_server           system_server                        I  AssetManager2(0xb400007d4de5e818) locale list changing from [] to [en-US]
2026-03-16 22:32:51.934   674-2193  Grammatica...ctionUtils system_server                        V  AttributionSource: android.content.AttributionSource@857a95ea does not have READ_SYSTEM_GRAMMATICAL_GENDER permission.
2026-03-16 22:32:51.937   674-701   system_server           system_server                        I  AssetManager2(0xb400007d4de63f98) locale list changing from [] to [en-US]
2026-03-16 22:32:51.937   674-2193  OptProp                 system_server                        W  Cannot read opt property android.window.PROPERTY_COMPAT_ALLOW_USER_ASPECT_RATIO_OVERRIDE
2026-03-16 22:32:51.937   674-2193  OptProp                 system_server                        W  Cannot read opt property android.window.PROPERTY_COMPAT_ALLOW_USER_ASPECT_RATIO_FULLSCREEN_OVERRIDE
2026-03-16 22:32:51.937   674-2193  OptProp                 system_server                        W  Cannot read opt property android.window.PROPERTY_COMPAT_ALLOW_RESIZEABLE_ACTIVITY_OVERRIDES
2026-03-16 22:32:51.938   674-2193  OptProp                 system_server                        W  Cannot read opt property android.window.PROPERTY_COMPAT_ALLOW_MIN_ASPECT_RATIO_OVERRIDE
2026-03-16 22:32:51.939  5142-5142  Finsky:background       com.android.vending:background       I  [2] aift - Received: android.intent.action.PACKAGE_ADDED, [FHsqWZM87jJ4pU48AppMogbMwG5aplmiWr3F9nbT6hY]
2026-03-16 22:32:51.944   674-2193  OptProp                 system_server                        W  Cannot read opt property android.window.PROPERTY_COMPAT_ALLOW_ORIENTATION_OVERRIDE
2026-03-16 22:32:51.947  5142-8620  Finsky:background       com.android.vending:background       I  [133] Wrote row to frosting DB: 331
2026-03-16 22:32:51.948  1074-1199  ndroid.systemui         com.android.systemui                 I  AssetManager2(0xb400007d4de21c38) locale list changing from [] to [en-US]
2026-03-16 22:32:51.948   674-688   CompatChangeReporter    system_server                        D  Compat change id reported: 377864165; UID 10214; state: ENABLED
2026-03-16 22:32:51.949   524-1447  BpBinder                surfaceflinger                       I  onLastStrongRef automatically unlinking death recipients: 
2026-03-16 22:32:51.950  5142-5142  Finsky:background       com.android.vending:background       I  [2] aift - Deduping intent android.intent.action.PACKAGE_ADDED
2026-03-16 22:32:51.951  1074-1200  HWUI                    com.android.systemui                 W  Image decoding logging dropped!
2026-03-16 22:32:51.956  6207-6298  Finsky                  com.android.vending                  I  [71] AIM: AppInfoManager-Perf > OnDeviceAppInfo > cacheHitCount=0, cacheMissCount=1. Missed  in cache (limit 10) : [com.example.swifthello]
2026-03-16 22:32:51.957  1074-1157  WindowManagerShell      com.android.systemui                 V  Transition requested (#22): android.os.BinderProxy@7e63ba5 TransitionRequestInfo { type = OPEN, triggerTask = TaskInfo{userId=0 taskId=13 effectiveUid=10214 displayId=0 isRunning=true baseIntent=Intent { act=android.intent.action.MAIN cat=[android.intent.category.LAUNCHER] flg=0x10000000 cmp=com.example.swifthello/.MainActivity } baseActivity=ComponentInfo{com.example.swifthello/com.example.swifthello.MainActivity} topActivity=ComponentInfo{com.example.swifthello/com.example.swifthello.MainActivity} origActivity=null realActivity=ComponentInfo{com.example.swifthello/com.example.swifthello.MainActivity} numActivities=1 lastActiveTime=2236494 supportsMultiWindow=true resizeMode=1 isResizeable=true minWidth=-1 minHeight=-1 defaultMinSize=220 token=WCT{android.window.IWindowContainerToken$Stub$Proxy@2a7f88} topActivityType=1 pictureInPictureParams=null shouldDockBigOverlays=false launchIntoPipHostTaskId=-1 lastParentTaskIdBeforePip=-1 displayCutoutSafeInsets=Rect(0, 142 - 0, 0) topActivityInfo=ActivityInfo{23ed21 com.example.swifthello.MainActivity} launchCookies=[] positionInParent=Point(0, 0) parentTaskId=-1 isFocused=false isVisible=false isVisibleRequested=false isTopActivityNoDisplay=false isSleeping=false locusId=null displayAreaFeatureId=1 isTopActivityTransparent=false isActivityStackTransparent=false lastNonFullscreenBounds=Rect(278, 709 - 802, 1789) capturedLink=null capturedLinkTimestamp=0 requestedVisibleTypes=-9 topActivityRequestOpenInBrowserEducationTimestamp=0 appCompatTaskInfo=AppCompatTaskInfo { topActivityInSizeCompat=false eligibleForLetterboxEducation= false isLetterboxEducationEnabled= true isLetterboxDoubleTapEnabled= false eligibleForUserAspectRatioButton= false topActivityBoundsLetterboxed= false isFromLetterboxDoubleTap= false topActivityLetterboxVerticalPosition= -1 topActivityLetterboxHorizontalPosition= -1 topActivityLetterboxWidth=-1 topActivityLetterboxHeight=-1 topActivityAppBounds=Rect(0, 0 - 1080, 2424) isUserFullscreenOverrideEnabled=false isSystemFullscreenOverrideEnabled=false hasMinAspectRatioOverride=false topActivityLetterboxBounds=null cameraCompatTaskInfo=CameraCompatTaskInfo { freeformCameraCompatMode=inactive}} topActivityMainWindowFrame=null}, pipChange = null, remoteTransition = null, displayChange = null, flags = 0, debugId = 22 }
2026-03-16 22:32:51.957  1074-1157  ShellSplitScreen        com.android.systemui                 D  logExit: no-op, mLoggerSessionId is null
2026-03-16 22:32:51.957   674-2193  ActivityTaskManager     system_server                        I  START u0 {act=android.intent.action.MAIN cat=[android.intent.category.LAUNCHER] flg=0x10000000 xflg=0x4 cmp=com.example.swifthello/.MainActivity} with LAUNCH_MULTIPLE from uid 2000 (BAL_ALLOW_PERMISSION) result code=0
2026-03-16 22:32:51.960  5142-5142  Finsky:background       com.android.vending:background       I  [2] aift - Received: android.intent.action.PACKAGE_ADDED, [FHsqWZM87jJ4pU48AppMogbMwG5aplmiWr3F9nbT6hY]
2026-03-16 22:32:51.960  6207-6298  Finsky                  com.android.vending                  I  [71] AIM: Got app ownership map. App counts: . Unique apps: 0
2026-03-16 22:32:51.960  6207-6298  Finsky                  com.android.vending                  E  [71] [Counters] attempted to use a non-positive increment for: 4752
2026-03-16 22:32:51.961  5142-8620  Finsky:background       com.android.vending:background       I  [133] Wrote row to frosting DB: 332
2026-03-16 22:32:51.963  6207-6274  Finsky                  com.android.vending                  E  [59] [Counters] attempted to use a non-positive increment for: 4753
2026-03-16 22:32:51.964  1377-1377  SplitSelectStateCtor    com...le.android.apps.nexuslauncher  W  Missing session instanceIds
2026-03-16 22:32:51.964  1377-1377  StatsLog                com...le.android.apps.nexuslauncher  D  LAUNCHER_SPLIT_SELECTION_EXIT_INTERRUPTED
2026-03-16 22:32:51.965  1074-1157  WindowManagerShell      com.android.systemui                 D  setLauncherKeepClearAreaHeight: visible=false, height=527
2026-03-16 22:32:51.968   524-524   BpBinder                surfaceflinger                       I  onLastStrongRef automatically unlinking death recipients: 
2026-03-16 22:32:51.974  1074-1087  System                  com.android.systemui                 W  A resource failed to call release. 
2026-03-16 22:32:51.974  1074-1087  System                  com.android.systemui                 W  A resource failed to call release. 
2026-03-16 22:32:51.974  1074-1087  System                  com.android.systemui                 W  A resource failed to call release. 
2026-03-16 22:32:51.974  1074-1087  System                  com.android.systemui                 W  A resource failed to call release. 
2026-03-16 22:32:51.974  1074-1087  System                  com.android.systemui                 W  A resource failed to call release. 
2026-03-16 22:32:51.974  1074-1087  System                  com.android.systemui                 W  A resource failed to call release. 
2026-03-16 22:32:51.974  1074-1087  System                  com.android.systemui                 W  A resource failed to call release. 
2026-03-16 22:32:51.974  1074-1087  System                  com.android.systemui                 W  A resource failed to call release. 
2026-03-16 22:32:51.974  1074-1087  System                  com.android.systemui                 W  A resource failed to call release. 
2026-03-16 22:32:51.974  1074-1087  System                  com.android.systemui                 W  A resource failed to call release. 
2026-03-16 22:32:51.974  1074-1087  System                  com.android.systemui                 W  A resource failed to call release. 
2026-03-16 22:32:51.974  1074-1087  System                  com.android.systemui                 W  A resource failed to call release. 
2026-03-16 22:32:51.974  1074-1087  System                  com.android.systemui                 W  A resource failed to call release. 
2026-03-16 22:32:51.974  1074-1087  System                  com.android.systemui                 W  A resource failed to call release. 
2026-03-16 22:32:51.977  5142-8620  Finsky:background       com.android.vending:background       I  [133] Wrote row to frosting DB: 333
2026-03-16 22:32:51.980  6207-6298  Finsky                  com.android.vending                  I  [71] AIM: AppInfoManager-Perf > ItemModel > CacheSize=0, cacheHitCount=0, cacheMissCount=1, total appsWithNoServerDataCount=0. Missed  in cache (limit 10) : [com.example.swifthello]
2026-03-16 22:32:51.984  6207-6298  Finsky                  com.android.vending                  I  [71] AIM: AppInfoManager-Perf > ItemModel > ItemStore Called 1 apps cacheOptions = USE_CACHE
2026-03-16 22:32:51.988  5142-5142  Finsky:background       com.android.vending:background       I  [2] aift - Deduping intent android.intent.action.PACKAGE_ADDED
2026-03-16 22:32:51.988  5142-5142  ActivityThread          com.android.vending:background       D  Package [com.example.swifthello] reported as REPLACED, but missing application info. Assuming REMOVED.
2026-03-16 22:32:51.988   674-696   Grammatica...ctionUtils system_server                        V  AttributionSource: android.content.AttributionSource@857a95ea does not have READ_SYSTEM_GRAMMATICAL_GENDER permission.
2026-03-16 22:32:51.989  6207-6298  Finsky                  com.android.vending                  I  [71] AIM: ItemModel fetch - unauth(1), auth()
2026-03-16 22:32:51.989  6207-6207  Finsky                  com.android.vending                  I  [2] aigd - Received: android.intent.action.PACKAGE_ADDED, [FHsqWZM87jJ4pU48AppMogbMwG5aplmiWr3F9nbT6hY]
2026-03-16 22:32:51.990  5142-5231  Finsky:background       com.android.vending:background       I  [56] RECEIVER_PACKAGE_MONITOR_BACKGROUND#logWorkEndAndFinishGoAsync: SUCCESS
2026-03-16 22:32:51.991  6207-6296  Finsky                  com.android.vending                  I  [69] ItemStore: Not cached: com.example.swifthello
2026-03-16 22:32:51.994   674-800   Accessibil...gerService system_server                        V  onUserStateChangedLocked for userId: 0, forceUpdate: false
2026-03-16 22:32:51.996   456-456   Zygote                  zygote64                             D  Forked child process 8629
2026-03-16 22:32:52.007  5142-8620  Finsky:background       com.android.vending:background       I  [133] Wrote row to frosting DB: 334
2026-03-16 22:32:52.010  6207-6207  Finsky                  com.android.vending                  I  [2] DTU: Received onPackageAdded, replacing: true
2026-03-16 22:32:52.014   674-1036  Background...rolService system_server                        D  Package event received: 0
2026-03-16 22:32:52.015  5142-8620  Finsky:background       com.android.vending:background       I  [133] Wrote row to frosting DB: 335
2026-03-16 22:32:52.027   674-684   system_server           system_server                        I  Background concurrent mark compact GC freed 22MB AllocSpace bytes, 39(772KB) LOS objects, 42% free, 31MB/55MB, paused 11.654ms,5.673ms total 238.674ms
2026-03-16 22:32:52.052  1074-2330  WindowManagerShell      com.android.systemui                 V  onTransitionReady(transaction=2894807958561)
2026-03-16 22:32:52.052  1074-1157  WindowManagerShell      com.android.systemui                 V  onTransitionReady (#22) android.os.BinderProxy@7e63ba5: {id=22 t=OPEN f=0x0 trk=0 r=[0@Point(0, 0)] c=[
                                                                                                            {m=OPEN f=NONE leash=Surface(name=Task=13)/@0xd4ca71e sb=Rect(0, 0 - 1080, 2424) eb=Rect(0, 0 - 1080, 2424) epz=Point(1080, 2424) d=0 taskParent=-1},
                                                                                                            {m=TO_BACK f=SHOW_WALLPAPER leash=Surface(name=Task=1)/@0x3c27bff sb=Rect(0, 0 - 1080, 2424) eb=Rect(0, 0 - 1080, 2424) epz=Point(1080, 2424) d=0 taskParent=-1},
                                                                                                            {m=TO_BACK f=IS_WALLPAPER leash=Surface(name=WallpaperWindowToken{2ad6110 showWhenLocked=false})/@0x1d0adcc sb=Rect(0, 0 - 1080, 2424) eb=Rect(0, 0 - 1080, 2424) epz=Point(1080, 2424) d=0}
                                                                                                        ]}
2026-03-16 22:32:52.053  1074-1157  WindowManagerShell      com.android.systemui                 V  Playing animation for (#22) android.os.BinderProxy@7e63ba5@0
2026-03-16 22:32:52.053  1074-1157  ShellRecents            com.android.systemui                 V  RecentsTransitionHandler.startAnimation: no controller found
2026-03-16 22:32:52.053  1074-1157  WindowManagerShell      com.android.systemui                 V  Transition doesn't have explicit remote, search filters for match for {id=22 t=OPEN f=0x0 trk=0 r=[0@Point(0, 0)] c=[{m=OPEN f=NONE leash=Surface(name=Task=13)/@0xd4ca71e sb=Rect(0, 0 - 1080, 2424) eb=Rect(0, 0 - 1080, 2424) epz=Point(1080, 2424) d=0 taskParent=-1},{m=TO_BACK f=SHOW_WALLPAPER leash=Surface(name=Task=1)/@0x3c27bff sb=Rect(0, 0 - 1080, 2424) eb=Rect(0, 0 - 1080, 2424) epz=Point(1080, 2424) d=0 taskParent=-1},{m=TO_BACK f=IS_WALLPAPER leash=Surface(name=WallpaperWindowToken{2ad6110 showWhenLocked=false})/@0x1d0adcc sb=Rect(0, 0 - 1080, 2424) eb=Rect(0, 0 - 1080, 2424) epz=Point(1080, 2424) d=0}]}
2026-03-16 22:32:52.053  1074-1157  WindowManagerShell      com.android.systemui                 V   Checking filter Pair{{types=[] flags=0x0] notFlags=0x0 checks=[{atype=undefined independent=true modes=[CLOSE,TO_BACK] flags=IN_TASK_WITH_EMBEDDED_ACTIVITY mustBeTask=false order=ANY topActivity=null launchCookie=null taskFragmentToken=android.os.BinderProxy@1733885 windowingMode=undefined}]} RemoteTransition { remoteTransition = android.window.IRemoteTransition$Stub$Proxy@525c6da, appThread = android.app.IApplicationThread$Stub$Proxy@a48470b, debugName = overlayBackTransition }}
2026-03-16 22:32:52.053  1074-1157  WindowManagerShell      com.android.systemui                 V   Checking filter Pair{{types=[] flags=0x0] notFlags=0x0 checks=[{atype=dream independent=true modes=[OPEN,TO_FRONT] flags=NONE mustBeTask=false order=ANY topActivity=null launchCookie=null windowingMode=undefined},{atype=home independent=true modes=[CLOSE,TO_BACK] flags=NONE mustBeTask=false order=ANY topActivity=null launchCookie=null windowingMode=undefined}]} RemoteTransition { remoteTransition = android.window.IRemoteTransition$Stub$Proxy@3edc9e8, appThread = android.app.IApplicationThread$Stub$Proxy@133d801, debugName = LauncherToDream }}
2026-03-16 22:32:52.053  1074-1157  WindowManagerShell      com.android.systemui                 V   Checking filter Pair{{types=[] flags=0x0] notFlags=0x100 checks=[{atype=home independent=true modes=[OPEN,TO_FRONT] flags=NONE mustBeTask=false order=TOP topActivity=ComponentInfo{com.google.android.apps.nexuslauncher/com.google.android.apps.nexuslauncher.NexusLauncherActivity} launchCookie=null windowingMode=undefined},{atype=standard independent=true modes=[CLOSE,TO_BACK] flags=NONE mustBeTask=false order=ANY topActivity=null launchCookie=null windowingMode=undefined},{NOT atype=undefined independent=true modes=[] flags=NONE mustBeTask=true order=ANY topActivity=null launchCookie=null customAnim=true windowingMode=undefined}]} RemoteTransition { remoteTransition = android.window.IRemoteTransition$Stub$Proxy@a976a6, appThread = android.app.IApplicationThread$Stub$Proxy@4b248e7, debugName = QuickstepLaunchHome }}
2026-03-16 22:32:52.053  1074-1157  WindowManagerShell      com.android.systemui                 V   Delegate animation for (#22) to null
2026-03-16 22:32:52.053  1074-1157  WindowManagerShell      com.android.systemui                 V  start default transition animation, info = {id=22 t=OPEN f=0x0 trk=0 r=[0@Point(0, 0)] c=[{m=OPEN f=NONE leash=Surface(name=Task=13)/@0xd4ca71e sb=Rect(0, 0 - 1080, 2424) eb=Rect(0, 0 - 1080, 2424) epz=Point(1080, 2424) d=0 taskParent=-1},{m=TO_BACK f=SHOW_WALLPAPER leash=Surface(name=Task=1)/@0x3c27bff sb=Rect(0, 0 - 1080, 2424) eb=Rect(0, 0 - 1080, 2424) epz=Point(1080, 2424) d=0 taskParent=-1},{m=TO_BACK f=IS_WALLPAPER leash=Surface(name=WallpaperWindowToken{2ad6110 showWhenLocked=false})/@0x1d0adcc sb=Rect(0, 0 - 1080, 2424) eb=Rect(0, 0 - 1080, 2424) epz=Point(1080, 2424) d=0}]}
2026-03-16 22:32:52.054  6207-8623  Finsky                  com.android.vending                  I  [216] SCH: Received scheduling request: Id: 12-1, Constraints: [{ L: 15000, D: 86400000, C: CHARGING_NONE, I: IDLE_NONE, N: NET_ANY, B: BATTERY_ANY }]
2026-03-16 22:32:52.063  1074-1157  WindowManagerShell      com.android.systemui                 V  loadAnimation: anim=android.view.animation.AnimationSet@640dab8 animAttr=0x13 type=OPEN isEntrance=false
2026-03-16 22:32:52.064   674-693   WindowManager           system_server                        V  Sent Transition (#22) createdAt=03-16 22:32:51.938 via request=TransitionRequestInfo { type = OPEN, triggerTask = TaskInfo{userId=0 taskId=13 effectiveUid=10214 displayId=0 isRunning=true baseIntent=Intent { act=android.intent.action.MAIN cat=[android.intent.category.LAUNCHER] flg=0x10000000 cmp=com.example.swifthello/.MainActivity } baseActivity=ComponentInfo{com.example.swifthello/com.example.swifthello.MainActivity} topActivity=ComponentInfo{com.example.swifthello/com.example.swifthello.MainActivity} origActivity=null realActivity=ComponentInfo{com.example.swifthello/com.example.swifthello.MainActivity} numActivities=1 lastActiveTime=2236494 supportsMultiWindow=true resizeMode=1 isResizeable=true minWidth=-1 minHeight=-1 defaultMinSize=220 token=WCT{RemoteToken{ce471a1 Task{1f41163 #13 type=standard A=10214:com.example.swifthello}}} topActivityType=1 pictureInPictureParams=null shouldDockBigOverlays=false launchIntoPipHostTaskId=-1 lastParentTaskIdBeforePip=-1 displayCutoutSafeInsets=Rect(0, 142 - 0, 0) topActivityInfo=ActivityInfo{b699fc6 com.example.swifthello.MainActivity} launchCookies=[] positionInParent=Point(0, 0) parentTaskId=-1 isFocused=false isVisible=false isVisibleRequested=false isTopActivityNoDisplay=false isSleeping=false locusId=null displayAreaFeatureId=1 isTopActivityTransparent=false isActivityStackTransparent=false lastNonFullscreenBounds=Rect(278, 709 - 802, 1789) capturedLink=null capturedLinkTimestamp=0 requestedVisibleTypes=-9 topActivityRequestOpenInBrowserEducationTimestamp=0 appCompatTaskInfo=AppCompatTaskInfo { topActivityInSizeCompat=false eligibleForLetterboxEducation= false isLetterboxEducationEnabled= true isLetterboxDoubleTapEnabled= false eligibleForUserAspectRatioButton= false topActivityBoundsLetterboxed= false isFromLetterboxDoubleTap= false topActivityLetterboxVerticalPosition= -1 topActivityLetterboxHorizontalPosition= -1 topActivityLetterboxWidth=-1 topActivityLetterboxHeight=-1 topActivityAppBounds=Rect(0, 0 - 1080, 2424) isUserFullscreenOverrideEnabled=false isSystemFullscreenOverrideEnabled=false hasMinAspectRatioOverride=false topActivityLetterboxBounds=null cameraCompatTaskInfo=CameraCompatTaskInfo { freeformCameraCompatMode=inactive}} topActivityMainWindowFrame=null}, pipChange = null, remoteTransition = null, displayChange = null, flags = 0, debugId = 22 }
2026-03-16 22:32:52.064   674-693   WindowManager           system_server                        V      startWCT=WindowContainerTransaction { changes= {} hops= [] errorCallbackToken=null taskFragmentOrganizer=null }
2026-03-16 22:32:52.064   674-693   WindowManager           system_server                        V      info={id=22 t=OPEN f=0x0 trk=0 r=[0@Point(0, 0)] c=[
                                                                                                            {WCT{RemoteToken{ce471a1 Task{1f41163 #13 type=standard A=10214:com.example.swifthello}}} m=OPEN f=NONE leash=Surface(name=Task=13)/@0x11a60ee sb=Rect(0, 0 - 1080, 2424) eb=Rect(0, 0 - 1080, 2424) epz=Point(1080, 2424) d=0 taskParent=-1},
                                                                                                            {WCT{RemoteToken{282058c Task{6db1f3 #1 type=home}}} m=TO_BACK f=SHOW_WALLPAPER leash=Surface(name=Task=1)/@0xf3d5750 sb=Rect(0, 0 - 1080, 2424) eb=Rect(0, 0 - 1080, 2424) epz=Point(1080, 2424) d=0 taskParent=-1},
                                                                                                            {m=TO_BACK f=IS_WALLPAPER leash=Surface(name=WallpaperWindowToken{2ad6110 showWhenLocked=false})/@0xc22c02 sb=Rect(0, 0 - 1080, 2424) eb=Rect(0, 0 - 1080, 2424) epz=Point(1080, 2424) d=0}
                                                                                                        ]}
2026-03-16 22:32:52.066  1074-1157  WindowManagerShell      com.android.systemui                 V  loadAnimation: anim=android.view.animation.AnimationSet@d84ea64 animAttr=0x12 type=OPEN isEntrance=true
2026-03-16 22:32:52.066   674-750   SafetySourceDataValidat system_server                        V  Package: com.android.vending has expected signature
2026-03-16 22:32:52.066  1074-1157  WindowManagerShell      com.android.systemui                 V   animated by com.android.wm.shell.transition.DefaultTransitionHandler@ade4a61
2026-03-16 22:32:52.067   674-750   SafetySourceDataValidat system_server                        V  Package: com.android.vending has expected signature
2026-03-16 22:32:52.069  8629-8629  mple.swifthello         zygote64                             I  Late-enabling -Xcheck:jni
2026-03-16 22:32:52.071   674-703   ActivityManager         system_server                        W  Slow operation: 83ms so far, now at startProcess: done updating battery stats
2026-03-16 22:32:52.071   674-703   ActivityManager         system_server                        W  Slow operation: 83ms so far, now at startProcess: building log message
2026-03-16 22:32:52.071   674-703   ActivityManager         system_server                        I  Start proc 8629:com.example.swifthello/u0a214 for next-top-activity {com.example.swifthello/com.example.swifthello.MainActivity}
2026-03-16 22:32:52.071   674-703   ActivityManager         system_server                        W  Slow operation: 83ms so far, now at startProcess: starting to update pids map
2026-03-16 22:32:52.073  6207-6274  Finsky                  com.android.vending                  I  [59] AIM: AppInfoManager-Perf > OnDeviceAppInfo > cacheHitCount=0, cacheMissCount=1. Missed  in cache (limit 10) : [com.example.swifthello]
2026-03-16 22:32:52.073  6207-6274  Finsky                  com.android.vending                  I  [59] AIM: Got app ownership map. App counts: . Unique apps: 0
2026-03-16 22:32:52.073  6207-6274  Finsky                  com.android.vending                  E  [59] [Counters] attempted to use a non-positive increment for: 4752
2026-03-16 22:32:52.074   674-797   system_server           system_server                        I  AssetManager2(0xb400007d4de596d8) locale list changing from [] to [en-US]
2026-03-16 22:32:52.074  6207-6274  Finsky                  com.android.vending                  E  [59] [Counters] attempted to use a non-positive increment for: 4753
2026-03-16 22:32:52.083  6207-6207  Finsky                  com.android.vending                  I  [2] aigd - Received: android.intent.action.PACKAGE_ADDED, [FHsqWZM87jJ4pU48AppMogbMwG5aplmiWr3F9nbT6hY]
2026-03-16 22:32:52.093   674-797   system_server           system_server                        I  AssetManager2(0xb400007d4de54278) locale list changing from [] to [en-US]
2026-03-16 22:32:52.100  6207-6207  Finsky                  com.android.vending                  I  [2] aigd - Deduping intent android.intent.action.PACKAGE_ADDED
2026-03-16 22:32:52.102   524-524   SurfaceFlinger          surfaceflinger                       E  Out of order buffers detected for RequestedLayerState{com.google.android.apps.nexuslauncher/com.google.android.apps.nexuslauncher.NexusLauncherActivity#139 parentId=135} producedId=7 frameNumber=187 -> producedId=7 frameNumber=91
2026-03-16 22:32:52.107   674-703   ActivityManager         system_server                        I  ProcessObserver broadcast disabled
2026-03-16 22:32:52.107   674-703   ActivityManager         system_server                        W  Slow operation: 119ms so far, now at startProcess: done updating pids map
2026-03-16 22:32:52.108  6207-6207  Finsky                  com.android.vending                  I  [2] aigd - Received: android.intent.action.PACKAGE_ADDED, [FHsqWZM87jJ4pU48AppMogbMwG5aplmiWr3F9nbT6hY]
2026-03-16 22:32:52.110   674-1205  system_server           system_server                        I  AssetManager2(0xb400007d4de61d38) locale list changing from [] to [en-US]
2026-03-16 22:32:52.111  6207-6207  Finsky                  com.android.vending                  I  [2] aigd - Deduping intent android.intent.action.PACKAGE_ADDED
2026-03-16 22:32:52.111  6207-6207  ActivityThread          com.android.vending                  D  Package [com.example.swifthello] reported as REPLACED, but missing application info. Assuming REMOVED.
2026-03-16 22:32:52.112  6207-6262  Finsky                  com.android.vending                  I  [48] RECEIVER_PACKAGE_MONITOR#logWorkEndAndFinishGoAsync: SUCCESS
2026-03-16 22:32:52.114   674-1205  SignedPackage           system_server                        W  Cannot get ApplicationInfo for package: com.google.android.devicelockcontroller
2026-03-16 22:32:52.118   524-524   SurfaceFlinger          surfaceflinger                       E  Out of order buffers detected for RequestedLayerState{com.google.android.apps.nexuslauncher/com.google.android.apps.nexuslauncher.NexusLauncherActivity#139 parentId=135} producedId=7 frameNumber=187 -> producedId=7 frameNumber=92
2026-03-16 22:32:52.119  6207-6274  Finsky                  com.android.vending                  I  [59] AIM: AppInfoManager-Perf > ItemModel > CacheSize=0, cacheHitCount=0, cacheMissCount=1, total appsWithNoServerDataCount=0. Missed  in cache (limit 10) : [com.example.swifthello]
2026-03-16 22:32:52.119  6207-6274  Finsky                  com.android.vending                  I  [59] AIM: AppInfoManager-Perf > ItemModel > ItemStore Called 1 apps cacheOptions = USE_CACHE
2026-03-16 22:32:52.119  6207-6274  Finsky                  com.android.vending                  I  [59] AIM: ItemModel fetch - unauth(1), auth()
2026-03-16 22:32:52.127  6207-6298  Finsky                  com.android.vending                  I  [71] ItemStore: Not cached: com.example.swifthello
2026-03-16 22:32:52.134   674-800   Magnificat...ionManager system_server                        W  requestConnection duplicated request: connect=false, mConnectionState=DISCONNECTED
2026-03-16 22:32:52.135   674-674   IPCThreadState          system_server                        W  Sending oneway calls to frozen process.
2026-03-16 22:32:52.135   674-674   IPCThreadState          system_server                        W  Sending oneway calls to frozen process.
2026-03-16 22:32:52.135   674-674   IPCThreadState          system_server                        W  Sending oneway calls to frozen process.
2026-03-16 22:32:52.135   674-674   IPCThreadState          system_server                        W  Sending oneway calls to frozen process.
2026-03-16 22:32:52.138  5142-5142  Finsky:background       com.android.vending:background       I  [2] Memory trim requested to level 40
2026-03-16 22:32:52.139   674-686   System                  system_server                        W  A resource failed to call close. 
2026-03-16 22:32:52.139  6207-6207  Finsky                  com.android.vending                  I  [2] Memory trim requested to level 40
2026-03-16 22:32:52.139  6207-6207  Finsky                  com.android.vending                  I  [2] Flushing in-memory image cache
2026-03-16 22:32:52.141   674-800   system_server           system_server                        I  AssetManager2(0xb400007d4de6b978) locale list changing from [] to [en-US]
2026-03-16 22:32:52.142   674-701   system_server           system_server                        I  AssetManager2(0xb400007d4de59098) locale list changing from [] to [en-US]
2026-03-16 22:32:52.143   674-800   system_server           system_server                        I  AssetManager2(0xb400007d4de613d8) locale list changing from [] to [en-US]
2026-03-16 22:32:52.145   674-800   Accessibil...gerService system_server                        V  onUserStateChangedLocked for userId: 0, forceUpdate: false
2026-03-16 22:32:52.145   674-800   Magnificat...ionManager system_server                        W  requestConnection duplicated request: connect=false, mConnectionState=DISCONNECTED
2026-03-16 22:32:52.145   674-674   IPCThreadState          system_server                        W  Sending oneway calls to frozen process.
2026-03-16 22:32:52.146   674-674   IPCThreadState          system_server                        W  Sending oneway calls to frozen process.
2026-03-16 22:32:52.146   674-674   IPCThreadState          system_server                        W  Sending oneway calls to frozen process.
2026-03-16 22:32:52.150   674-674   IPCThreadState          system_server                        W  Sending oneway calls to frozen process.
2026-03-16 22:32:52.152  5902-5906  .gms.persistent         com.google.android.gms.persistent    W  Suspending all threads took: 6.339ms
2026-03-16 22:32:52.164   674-701   system_server           system_server                        I  AssetManager2(0xb400007d4de5d238) locale list changing from [] to [en-US]
2026-03-16 22:32:52.167  8629-8629  mple.swifthello         zygote64                             I  Using CollectorTypeCMC GC.
2026-03-16 22:32:52.168   524-524   SurfaceFlinger          surfaceflinger                       E  Out of order buffers detected for RequestedLayerState{com.google.android.apps.nexuslauncher/com.google.android.apps.nexuslauncher.NexusLauncherActivity#139 parentId=135} producedId=7 frameNumber=187 -> producedId=7 frameNumber=93
2026-03-16 22:32:52.181  5902-8635  Fitness                 com.google.android.gms.persistent    I  (REDACTED) FitCleanupIntentOperation received Intent %s
2026-03-16 22:32:52.183   674-701   system_server           system_server                        I  AssetManager2(0xb400007d4de5cbf8) locale list changing from [] to [en-US]
2026-03-16 22:32:52.185   524-524   SurfaceFlinger          surfaceflinger                       E  Out of order buffers detected for RequestedLayerState{com.google.android.apps.nexuslauncher/com.google.android.apps.nexuslauncher.NexusLauncherActivity#139 parentId=135} producedId=7 frameNumber=187 -> producedId=7 frameNumber=94
2026-03-16 22:32:52.190  5902-8634  ProximityAuth           com.google.android.gms.persistent    I  [RecentAppsMediator] Package added: (user=UserHandle{0}) com.example.swifthello
2026-03-16 22:32:52.194  5892-8637  gle.android.gms         com.google.android.gms               I  AssetManager2(0xb400007d4ddeaaf8) locale list changing from [] to [en-US]
2026-03-16 22:32:52.196  5902-8646  FontLog                 com.google.android.gms.persistent    I  (REDACTED) Package %s has no metadata
2026-03-16 22:32:52.201  1368-1376  adbd                    adbd                                 I  jdwp connection from 8629
2026-03-16 22:32:52.202   524-524   SurfaceFlinger          surfaceflinger                       E  Out of order buffers detected for RequestedLayerState{com.google.android.apps.nexuslauncher/com.google.android.apps.nexuslauncher.NexusLauncherActivity#139 parentId=135} producedId=7 frameNumber=187 -> producedId=7 frameNumber=95
---------------------------- PROCESS STARTED (8629) for package com.example.swifthello ----------------------------
2026-03-16 22:32:52.231  5892-8649  Auth                    com.google.android.gms               I  (REDACTED) [SupervisedAccountIntentOperation] onHandleIntent: %s
2026-03-16 22:32:52.235  8629-8629  nativeloader            com.example.swifthello               D  Load libframework-connectivity-tiramisu-jni.so using APEX ns com_android_tethering for caller /apex/com.android.tethering/javalib/framework-connectivity-t.jar: ok
2026-03-16 22:32:52.245  5892-8666  NearbyDiscovery         com.google.android.gms               I  (REDACTED) processGrantSlicePermission: %s
2026-03-16 22:32:52.283  5892-5899  BpBinder                com.google.android.gms               I  onLastStrongRef automatically unlinking death recipients: 
2026-03-16 22:32:52.284  5892-6019  Icing                   com.google.android.gms               I  IndexChimeraService.getServiceInterface callingPackage=com.google.android.gms componentName=AppsCorpus serviceId=36
2026-03-16 22:32:52.287  5892-8649  SQLiteLog               com.google.android.gms               W  (28) double-quoted string literal: "com.example.swifthello"
2026-03-16 22:32:52.292  1670-1670  MediaProvider           com...ndroid.providers.media.module  W  WorkProfileOwnerApps cache is empty
2026-03-16 22:32:52.294  1670-1670  PickerSyncLockManager   com...ndroid.providers.media.module  D  Trying to acquire lock com.android.providers.media.photopicker.sync.CloseableReentrantLock@f57d424[Unlocked]. Lock Name = CLOUD_PROVIDER_LOCK. Threads that may be waiting to acquire this lock = []
2026-03-16 22:32:52.294  1670-1670  CloseableReentrantLock  com...ndroid.providers.media.module  D  Successfully acquired lock com.android.providers.media.photopicker.sync.CloseableReentrantLock@f57d424[Locked by thread main]. Lock Name = CLOUD_PROVIDER_LOCK. Threads that may be waiting to acquire this lock = []
2026-03-16 22:32:52.294  1670-1670  CloseableReentrantLock  com...ndroid.providers.media.module  D  Successfully released lock com.android.providers.media.photopicker.sync.CloseableReentrantLock@f57d424[Unlocked]. Lock Name = CLOUD_PROVIDER_LOCK. Threads that may be waiting to acquire this lock = []
2026-03-16 22:32:52.300   674-1036  Background...rolService system_server                        D  Package event received: 0
2026-03-16 22:32:52.304  1695-1695  fiis                    com...oglequicksearchbox:interactor  I  (REDACTED) O received %s
2026-03-16 22:32:52.315  6207-6273  Finsky                  com.android.vending                  I  [58] WM::SCH: Logging work initialize for 12-1
2026-03-16 22:32:52.319  6207-6298  Finsky                  com.android.vending                  E  [71] ItemStore: getItems RPC failed for item com.example.swifthello
2026-03-16 22:32:52.320  6207-6280  Finsky                  com.android.vending                  E  [63] ItemStore: getItems RPC failed for item com.example.swifthello
2026-03-16 22:32:52.323  6207-6273  Finsky                  com.android.vending                  I  [58] WM::SCH: Logging work initialize for 12-1
2026-03-16 22:32:52.326  1695-1695  fiis                    com...oglequicksearchbox:interactor  I  (REDACTED) O received %s
2026-03-16 22:32:52.327  1695-1695  fiis                    com...oglequicksearchbox:interactor  I  (REDACTED) O received %s
2026-03-16 22:32:52.328   674-1036  Background...rolService system_server                        D  Package event received: 0
2026-03-16 22:32:52.330  5892-5892  BoundBrokerSvc          com.google.android.gms               D  onBind: Intent { act=com.google.android.gms.feedback.internal.IFeedbackService dat=chimera-action:/... xflg=0x4 cmp=com.google.android.gms/.chimera.GmsBoundBrokerService }
2026-03-16 22:32:52.331  5892-5892  BoundBrokerSvc          com.google.android.gms               D  Loading bound service for intent: Intent { act=com.google.android.gms.feedback.internal.IFeedbackService dat=chimera-action:/... xflg=0x4 cmp=com.google.android.gms/.chimera.GmsBoundBrokerService }
2026-03-16 22:32:52.336  5892-6019  Icing                   com.google.android.gms               I  IndexChimeraService.getServiceInterface callingPackage=com.google.android.gms componentName=null serviceId=30
2026-03-16 22:32:52.344  6207-6298  Finsky                  com.android.vending                  I  [71] SCH: Scheduling phonesky job Id: 12-1, CT: 1773714772054, Constraints: [{ L: 15000, D: 86400000, C: CHARGING_NONE, I: IDLE_NONE, N: NET_ANY, B: BATTERY_ANY }]
2026-03-16 22:32:52.346   674-750   ActivityManager         system_server                        D  sync unfroze 5703 com.google.android.googlequicksearchbox:search for 6
2026-03-16 22:32:52.347   674-1036  Background...rolService system_server                        D  Package event received: 0
2026-03-16 22:32:52.351  6207-6280  Finsky                  com.android.vending                  I  [63] SCH: Scheduling 1 system job(s)
2026-03-16 22:32:52.351  6207-6280  Finsky                  com.android.vending                  I  [63] SCH: Scheduling system job Id: 9249, L: 14703, D: 58302265, C: false, I: false, N: 1
2026-03-16 22:32:52.360   674-992   ConnectivityService     system_server                        D  releasing NetworkRequest [ REQUEST id=255, [ Transports: CELLULAR Capabilities: INTERNET&NOT_RESTRICTED&TRUSTED&NOT_VPN&NOT_VCN_MANAGED&NOT_BANDWIDTH_CONSTRAINED Uid: 10149 RequestorUid: 10149 RequestorPkg: com.google.android.googlequicksearchbox UnderlyingNetworks: Null] ] (release request)
2026-03-16 22:32:52.362  6207-6272  Finsky                  com.android.vending                  I  [57] [ContentSync] finished, scheduled=true
2026-03-16 22:32:52.362  6207-6296  Finsky                  com.android.vending                  I  [69] SCH: Scheduling phonesky job Id: 12-1, CT: 1773714771929, Constraints: [{ L: 15000, D: 86400000, C: CHARGING_NONE, I: IDLE_NONE, N: NET_ANY, B: BATTERY_ANY }]
2026-03-16 22:32:52.362   674-992   ConnectivityService     system_server                        I  Update capabilities for net 101 : -FOREGROUND
2026-03-16 22:32:52.366  6207-6274  Finsky                  com.android.vending                  I  [59] SCH: Scheduling 1 system job(s)
2026-03-16 22:32:52.366  6207-6274  Finsky                  com.android.vending                  I  [59] SCH: Scheduling system job Id: 9249, L: 14563, D: 58302250, C: false, I: false, N: 1
2026-03-16 22:32:52.367   674-992   IPCThreadState          system_server                        W  Sending oneway calls to frozen process.
2026-03-16 22:32:52.368   674-992   IPCThreadState          system_server                        W  Sending oneway calls to frozen process.
2026-03-16 22:32:52.369  1074-1157  WindowManagerShell      com.android.systemui                 V  Transition animation finished (aborted=false), notifying core (#22) android.os.BinderProxy@7e63ba5@0
2026-03-16 22:32:52.370   674-693   WindowManager           system_server                        V  Finish Transition (#22): created at 03-16 22:32:51.938 collect-started=0.04ms request-sent=16.03ms started=19.87ms ready=107.509ms sent=113.53ms commit=18.354ms finished=431.928ms
2026-03-16 22:32:52.374  1377-1377  VRI[NexusL...rActivity] com...le.android.apps.nexuslauncher  D  visibilityChanged oldVisibility=true newVisibility=false
2026-03-16 22:32:52.376  5892-7332  Icing                   com.google.android.gms               I  Usage reports ok 1, Failed Usage reports 0, indexed 0, rejected 0
2026-03-16 22:32:52.376  1074-1157  WindowManagerShell      com.android.systemui                 V  Track 0 became idle
2026-03-16 22:32:52.376  1074-1157  WindowManagerShell      com.android.systemui                 V  All active transition animations finished
2026-03-16 22:32:52.377  6207-6273  Finsky                  com.android.vending                  I  [58] [ContentSync] finished, scheduled=true
2026-03-16 22:32:52.379  6208-6254  .apps.wellbeing         com.google.android.apps.wellbeing    I  AssetManager2(0xb400007d4de10f78) locale list changing from [] to [en-US]
2026-03-16 22:32:52.380  5703-5703  ActivityThread          com...d.googlequicksearchbox:search  D  Package [com.example.swifthello] reported as REPLACED, but missing application info. Assuming REMOVED.
2026-03-16 22:32:52.381  5703-5703  ActivityThread          com...d.googlequicksearchbox:search  D  Package [com.example.swifthello] reported as REPLACED, but missing application info. Assuming REMOVED.
2026-03-16 22:32:52.384  6208-6254  .apps.wellbeing         com.google.android.apps.wellbeing    I  AssetManager2(0xb400007d4de0b7f8) locale list changing from [] to [en-US]
2026-03-16 22:32:52.385  1377-1377  NexusLaunc...elDelegate com...le.android.apps.nexuslauncher  D  notifySmartspaceEvent: SmartspaceTargetEvent{mSmartspaceTarget=null, mSmartspaceActionId='null', mEventType=7}
2026-03-16 22:32:52.394  6208-6254  .apps.wellbeing         com.google.android.apps.wellbeing    I  AssetManager2(0xb400007d4de12eb8) locale list changing from [] to [en-US]
2026-03-16 22:32:52.399  6208-6254  .apps.wellbeing         com.google.android.apps.wellbeing    I  AssetManager2(0xb400007d4de082d8) locale list changing from [] to [en-US]
2026-03-16 22:32:52.414  5892-7332  Icing                   com.google.android.gms               I  Usage reports ok 0, Failed Usage reports 0, indexed 0, rejected 0
2026-03-16 22:32:52.418  6208-6254  .apps.wellbeing         com.google.android.apps.wellbeing    I  AssetManager2(0xb400007d4de0a218) locale list changing from [] to [en-US]
2026-03-16 22:32:52.423  6208-6254  .apps.wellbeing         com.google.android.apps.wellbeing    I  AssetManager2(0xb400007d4de05a38) locale list changing from [] to [en-US]
2026-03-16 22:32:52.428  6208-6254  .apps.wellbeing         com.google.android.apps.wellbeing    I  AssetManager2(0xb400007d4de06078) locale list changing from [] to [en-US]
2026-03-16 22:32:52.430  5703-5738  adua                    com...d.googlequicksearchbox:search  W  Abort, client detached.
2026-03-16 22:32:52.430  6208-6254  .apps.wellbeing         com.google.android.apps.wellbeing    I  AssetManager2(0xb400007d4de085f8) locale list changing from [] to [en-US]
2026-03-16 22:32:52.430  5703-5738  adua                    com...d.googlequicksearchbox:search  W  Abort, client detached.
2026-03-16 22:32:52.435  5703-5738  adua                    com...d.googlequicksearchbox:search  W  Abort, client detached.
2026-03-16 22:32:52.438  6208-6254  .apps.wellbeing         com.google.android.apps.wellbeing    I  AssetManager2(0xb400007d4de07fb8) locale list changing from [] to [en-US]
2026-03-16 22:32:52.442  6208-6254  .apps.wellbeing         com.google.android.apps.wellbeing    I  AssetManager2(0xb400007d4de04458) locale list changing from [] to [en-US]
2026-03-16 22:32:52.445  6208-6254  .apps.wellbeing         com.google.android.apps.wellbeing    I  AssetManager2(0xb400007d4de09278) locale list changing from [] to [en-US]
2026-03-16 22:32:52.447  6208-6254  .apps.wellbeing         com.google.android.apps.wellbeing    I  AssetManager2(0xb400007d4de09598) locale list changing from [] to [en-US]
2026-03-16 22:32:52.448  6208-6254  .apps.wellbeing         com.google.android.apps.wellbeing    I  AssetManager2(0xb400007d4de07018) locale list changing from [] to [en-US]
2026-03-16 22:32:52.451  6208-6254  .apps.wellbeing         com.google.android.apps.wellbeing    I  AssetManager2(0xb400007d4de09ef8) locale list changing from [] to [en-US]
2026-03-16 22:32:52.451  5892-7332  Icing                   com.google.android.gms               I  Indexing com.google.android.gms-apps from com.google.android.gms
2026-03-16 22:32:52.481  5892-7332  Icing                   com.google.android.gms               I  Indexing done com.google.android.gms-apps
2026-03-16 22:32:52.482  8629-8629  nativeloader            com.example.swifthello               D  Configuring clns-9 for other apk /data/app/~~sp9AuwbCWzvVQqDS_vRNMQ==/com.example.swifthello-9dIZ2wAVd53dsjamVXMn3Q==/base.apk. target_sdk_version=36, uses_libraries=, library_path=/data/app/~~sp9AuwbCWzvVQqDS_vRNMQ==/com.example.swifthello-9dIZ2wAVd53dsjamVXMn3Q==/lib/arm64:/data/app/~~sp9AuwbCWzvVQqDS_vRNMQ==/com.example.swifthello-9dIZ2wAVd53dsjamVXMn3Q==/base.apk!/lib/arm64-v8a, permitted_path=/data:/mnt/expand:/data/user/0/com.example.swifthello
2026-03-16 22:32:52.488  5892-7332  Icing                   com.google.android.gms               I  Indexing com.google.android.gms-apps from com.google.android.gms
2026-03-16 22:32:52.488  5892-7332  Icing                   com.google.android.gms               I  Indexing done com.google.android.gms-apps
2026-03-16 22:32:52.494  8629-8629  mple.swifthello         com.example.swifthello               I  AssetManager2(0xb400007d4dde9e78) locale list changing from [] to [en-US]
2026-03-16 22:32:52.508  8629-8629  GraphicsEnvironment     com.example.swifthello               V  Currently set values for:
2026-03-16 22:32:52.508  8629-8629  GraphicsEnvironment     com.example.swifthello               V    angle_gl_driver_selection_pkgs=[]
2026-03-16 22:32:52.508  8629-8629  GraphicsEnvironment     com.example.swifthello               V    angle_gl_driver_selection_values=[]
2026-03-16 22:32:52.508  8629-8629  GraphicsEnvironment     com.example.swifthello               V  com.example.swifthello is not listed in per-application setting
2026-03-16 22:32:52.509  8629-8629  GraphicsEnvironment     com.example.swifthello               V  ANGLE allowlist from config: com.dreamgames.royalmatch com.dts.freefiremax com.dxx.firenow com.gramgames.mergedragons com.ludo.king com.mojang.minecraftpe com.my.defense com.nintendo.zaka com.os.airforce com.playrix.fishdomdd.gplay io.teslatech.callbreak jp.konami.prospia net.peakgames.toonblast
2026-03-16 22:32:52.509  8629-8629  GraphicsEnvironment     com.example.swifthello               V  com.example.swifthello is not listed in ANGLE allowlist or settings, returning default
2026-03-16 22:32:52.509  8629-8629  GraphicsEnvironment     com.example.swifthello               V  Neither updatable production driver nor prerelease driver is supported.
2026-03-16 22:32:52.510  6208-6254  .apps.wellbeing         com.google.android.apps.wellbeing    I  AssetManager2(0xb400007d4de0a538) locale list changing from [] to [en-US]
2026-03-16 22:32:52.562  6208-6254  .apps.wellbeing         com.google.android.apps.wellbeing    I  AssetManager2(0xb400007d4de0a858) locale list changing from [] to [en-US]
2026-03-16 22:32:52.562   674-750   OptProp                 system_server                        W  Cannot read opt property android.window.PROPERTY_COMPAT_ENABLE_FAKE_FOCUS
2026-03-16 22:32:52.564   674-1036  Background...rolService system_server                        D  Package event received: 0
2026-03-16 22:32:52.564   674-1036  Background...rolService system_server                        D  Package event received: 0
2026-03-16 22:32:52.588  8629-8684  DisplayManager          com.example.swifthello               I  Choreographer implicitly registered for the refresh rate.
2026-03-16 22:32:52.595  8629-8629  mple.swifthello         com.example.swifthello               I  AssetManager2(0xb400007d4ddddfd8) locale list changing from [] to [en-US]
2026-03-16 22:32:52.610  6208-6254  .apps.wellbeing         com.google.android.apps.wellbeing    I  AssetManager2(0xb400007d4de04138) locale list changing from [] to [en-US]
2026-03-16 22:32:52.623  6208-6254  .apps.wellbeing         com.google.android.apps.wellbeing    I  AssetManager2(0xb400007d4de050d8) locale list changing from [] to [en-US]
2026-03-16 22:32:52.627  6208-6254  .apps.wellbeing         com.google.android.apps.wellbeing    I  AssetManager2(0xb400007d4de07c98) locale list changing from [] to [en-US]
2026-03-16 22:32:52.629  6208-6254  .apps.wellbeing         com.google.android.apps.wellbeing    I  AssetManager2(0xb400007d4de09bd8) locale list changing from [] to [en-US]
2026-03-16 22:32:52.631  8629-8629  nativeloader            com.example.swifthello               D  Load /data/app/~~sp9AuwbCWzvVQqDS_vRNMQ==/com.example.swifthello-9dIZ2wAVd53dsjamVXMn3Q==/base.apk!/lib/arm64-v8a/libSwiftHello.so using class loader ns clns-9 (caller=/data/app/~~sp9AuwbCWzvVQqDS_vRNMQ==/com.example.swifthello-9dIZ2wAVd53dsjamVXMn3Q==/base.apk!classes3.dex): ok
2026-03-16 22:32:52.638  6208-6254  .apps.wellbeing         com.google.android.apps.wellbeing    I  AssetManager2(0xb400007d4de0ab78) locale list changing from [] to [en-US]
2026-03-16 22:32:52.638  8629-8629  ashmem                  com.example.swifthello               E  Pinning is deprecated since Android Q. Please use trim or other methods.
2026-03-16 22:32:52.640  6208-6254  .apps.wellbeing         com.google.android.apps.wellbeing    I  AssetManager2(0xb400007d4de05718) locale list changing from [] to [en-US]
2026-03-16 22:32:52.643  6208-6254  .apps.wellbeing         com.google.android.apps.wellbeing    I  AssetManager2(0xb400007d4de05d58) locale list changing from [] to [en-US]
2026-03-16 22:32:52.649  8629-8629  CompatChangeReporter    com.example.swifthello               D  Compat change id reported: 377864165; UID 10214; state: ENABLED
2026-03-16 22:32:52.649  8629-8629  DesktopModeFlags        com.example.swifthello               D  Toggle override initialized to: OVERRIDE_UNSET
2026-03-16 22:32:52.654  8629-8684  EGL_emulation           com.example.swifthello               I  Opening libGLESv1_CM_emulation.so
2026-03-16 22:32:52.654  8629-8684  EGL_emulation           com.example.swifthello               I  Opening libGLESv2_emulation.so
2026-03-16 22:32:52.660  8629-8684  HWUI                    com.example.swifthello               W  Failed to choose config with EGL_SWAP_BEHAVIOR_PRESERVED, retrying without...
2026-03-16 22:32:52.660  8629-8684  HWUI                    com.example.swifthello               W  Failed to initialize 101010-2 format, error = EGL_SUCCESS
2026-03-16 22:32:52.660  8629-8629  HWUI                    com.example.swifthello               W  Image decoding logging dropped!
2026-03-16 22:32:52.662  8629-8629  HWUI                    com.example.swifthello               W  Image decoding logging dropped!
2026-03-16 22:32:52.665  6208-6254  .apps.wellbeing         com.google.android.apps.wellbeing    I  AssetManager2(0xb400007d4de0ae98) locale list changing from [] to [en-US]
2026-03-16 22:32:52.668  6208-6254  .apps.wellbeing         com.google.android.apps.wellbeing    I  AssetManager2(0xb400007d4de0bb18) locale list changing from [] to [en-US]
2026-03-16 22:32:52.670  8629-8629  HWUI                    com.example.swifthello               W  Image decoding logging dropped!
2026-03-16 22:32:52.670  6208-6254  .apps.wellbeing         com.google.android.apps.wellbeing    I  AssetManager2(0xb400007d4de04db8) locale list changing from [] to [en-US]
2026-03-16 22:32:52.671  6208-6254  .apps.wellbeing         com.google.android.apps.wellbeing    I  AssetManager2(0xb400007d4de069d8) locale list changing from [] to [en-US]
2026-03-16 22:32:52.672  6208-6254  .apps.wellbeing         com.google.android.apps.wellbeing    I  AssetManager2(0xb400007d4de04a98) locale list changing from [] to [en-US]
2026-03-16 22:32:52.673  6208-6254  .apps.wellbeing         com.google.android.apps.wellbeing    I  AssetManager2(0xb400007d4de0b1b8) locale list changing from [] to [en-US]
2026-03-16 22:32:52.674  6208-6254  .apps.wellbeing         com.google.android.apps.wellbeing    I  AssetManager2(0xb400007d4ddfda18) locale list changing from [] to [en-US]
2026-03-16 22:32:52.676  6208-6254  .apps.wellbeing         com.google.android.apps.wellbeing    I  AssetManager2(0xb400007d4ddff638) locale list changing from [] to [en-US]
2026-03-16 22:32:52.678  6208-6254  .apps.wellbeing         com.google.android.apps.wellbeing    I  AssetManager2(0xb400007d4ddfecd8) locale list changing from [] to [en-US]
2026-03-16 22:32:52.680  6208-6254  .apps.wellbeing         com.google.android.apps.wellbeing    I  AssetManager2(0xb400007d4ddfeff8) locale list changing from [] to [en-US]
2026-03-16 22:32:52.683  6208-6254  .apps.wellbeing         com.google.android.apps.wellbeing    I  AssetManager2(0xb400007d4de02518) locale list changing from [] to [en-US]
2026-03-16 22:32:52.691  6208-6254  .apps.wellbeing         com.google.android.apps.wellbeing    I  AssetManager2(0xb400007d4de02b58) locale list changing from [] to [en-US]
2026-03-16 22:32:52.693  8629-8629  HWUI                    com.example.swifthello               W  Unknown dataspace 0
2026-03-16 22:32:52.693  6208-6254  .apps.wellbeing         com.google.android.apps.wellbeing    I  AssetManager2(0xb400007d4ddfd3d8) locale list changing from [] to [en-US]
2026-03-16 22:32:52.703   674-2193  CoreBackPreview         system_server                        D  Window{e8dee13 u0 com.example.swifthello/com.example.swifthello.MainActivity}: Setting back callback OnBackInvokedCallbackInfo{mCallback=android.window.IOnBackInvokedCallback$Stub$Proxy@b502a49, mPriority=-1, mIsAnimationCallback=false, mOverrideBehavior=0}
2026-03-16 22:32:52.706  6208-6254  .apps.wellbeing         com.google.android.apps.wellbeing    I  AssetManager2(0xb400007d4de021f8) locale list changing from [] to [en-US]
2026-03-16 22:32:52.709  6208-6254  .apps.wellbeing         com.google.android.apps.wellbeing    I  AssetManager2(0xb400007d4ddfc438) locale list changing from [] to [en-US]
2026-03-16 22:32:52.720   524-621   ServiceManagerCppClient surfaceflinger                       W  Permission failure: android.permission.ACCESS_SURFACE_FLINGER from uid=10214 pid=0
2026-03-16 22:32:52.720   524-621   PermissionCache         surfaceflinger                       D  checking android.permission.ACCESS_SURFACE_FLINGER for uid=10214 => denied (434 us)
2026-03-16 22:32:52.720   524-621   ServiceManagerCppClient surfaceflinger                       W  Permission failure: android.permission.ROTATE_SURFACE_FLINGER from uid=10214 pid=0
2026-03-16 22:32:52.720   524-621   PermissionCache         surfaceflinger                       D  checking android.permission.ROTATE_SURFACE_FLINGER for uid=10214 => denied (205 us)
2026-03-16 22:32:52.721   524-621   ServiceManagerCppClient surfaceflinger                       W  Permission failure: android.permission.INTERNAL_SYSTEM_WINDOW from uid=10214 pid=0
2026-03-16 22:32:52.721   524-621   PermissionCache         surfaceflinger                       D  checking android.permission.INTERNAL_SYSTEM_WINDOW for uid=10214 => denied (468 us)
2026-03-16 22:32:52.737  6208-6254  .apps.wellbeing         com.google.android.apps.wellbeing    I  AssetManager2(0xb400007d4de02838) locale list changing from [] to [en-US]
2026-03-16 22:32:52.745  6208-6254  .apps.wellbeing         com.google.android.apps.wellbeing    I  AssetManager2(0xb400007d4de03e18) locale list changing from [] to [en-US]
2026-03-16 22:32:52.752  6208-6254  .apps.wellbeing         com.google.android.apps.wellbeing    I  AssetManager2(0xb400007d4de01578) locale list changing from [] to [en-US]
2026-03-16 22:32:52.756  6208-6254  .apps.wellbeing         com.google.android.apps.wellbeing    I  AssetManager2(0xb400007d4ddff318) locale list changing from [] to [en-US]
2026-03-16 22:32:52.759  6208-6254  .apps.wellbeing         com.google.android.apps.wellbeing    I  AssetManager2(0xb400007d4ddff958) locale list changing from [] to [en-US]
2026-03-16 22:32:52.763  6208-6254  .apps.wellbeing         com.google.android.apps.wellbeing    I  AssetManager2(0xb400007d4ddfdd38) locale list changing from [] to [en-US]
2026-03-16 22:32:52.766  6208-6254  .apps.wellbeing         com.google.android.apps.wellbeing    I  AssetManager2(0xb400007d4de01ed8) locale list changing from [] to [en-US]
2026-03-16 22:32:52.777   674-2192  ServiceManagerCppClient system_server                        W  Permission failure: android.permission.ACCESS_SURFACE_FLINGER from uid=10214 pid=0
2026-03-16 22:32:52.777   674-2192  PermissionCache         system_server                        D  checking android.permission.ACCESS_SURFACE_FLINGER for uid=10214 => denied (71 us)
2026-03-16 22:32:52.777   674-2192  ServiceManagerCppClient system_server                        W  Permission failure: android.permission.ROTATE_SURFACE_FLINGER from uid=10214 pid=0
2026-03-16 22:32:52.777   674-2192  PermissionCache         system_server                        D  checking android.permission.ROTATE_SURFACE_FLINGER for uid=10214 => denied (6 us)
2026-03-16 22:32:52.777   674-2192  ServiceManagerCppClient system_server                        W  Permission failure: android.permission.INTERNAL_SYSTEM_WINDOW from uid=10214 pid=0
2026-03-16 22:32:52.777   674-2192  PermissionCache         system_server                        D  checking android.permission.INTERNAL_SYSTEM_WINDOW for uid=10214 => denied (3 us)
2026-03-16 22:32:52.781   674-693   ActivityTaskManager     system_server                        I  Displayed com.example.swifthello/.MainActivity for user 0: +854ms
2026-03-16 22:32:52.782  6208-6254  .apps.wellbeing         com.google.android.apps.wellbeing    I  AssetManager2(0xb400007d4de005d8) locale list changing from [] to [en-US]
2026-03-16 22:32:52.786  6208-6254  .apps.wellbeing         com.google.android.apps.wellbeing    I  AssetManager2(0xb400007d4de00f38) locale list changing from [] to [en-US]
2026-03-16 22:32:52.794  6208-6254  .apps.wellbeing         com.google.android.apps.wellbeing    I  AssetManager2(0xb400007d4ddffc78) locale list changing from [] to [en-US]
2026-03-16 22:32:52.796  6208-6254  .apps.wellbeing         com.google.android.apps.wellbeing    I  AssetManager2(0xb400007d4de034b8) locale list changing from [] to [en-US]
2026-03-16 22:32:52.797  6208-6254  .apps.wellbeing         com.google.android.apps.wellbeing    I  AssetManager2(0xb400007d4ddfe698) locale list changing from [] to [en-US]
2026-03-16 22:32:52.799   674-2193  AppOps                  system_server                        E  attributionTag VCN not declared in manifest of android
2026-03-16 22:32:52.811   674-796   ImeTracker              system_server                        I  com.example.swifthello:2726a702: onRequestHide at ORIGIN_SERVER reason HIDE_UNSPECIFIED_WINDOW fromUser false
2026-03-16 22:32:52.811  1377-1377  BaseDepthController     com...le.android.apps.nexuslauncher  D  setSurface:
                                                                                                    	mWaitingOnSurfaceValidity: false
                                                                                                    	mBaseSurface: null
2026-03-16 22:32:52.812  1377-1377  BaseDepthController     com...le.android.apps.nexuslauncher  D  mSurface is null and mCurrentBlur is: 0
2026-03-16 22:32:52.812  1377-1377  ActivityThread          com...le.android.apps.nexuslauncher  I  Schedule relaunch activity: com.google.android.apps.nexuslauncher.NexusLauncherActivity
2026-03-16 22:32:52.812  1377-1377  ActivityThread          com...le.android.apps.nexuslauncher  I  Schedule relaunch activity: com.google.android.apps.nexuslauncher.NexusLauncherActivity
2026-03-16 22:32:52.812  1377-1377  ActivityThread          com...le.android.apps.nexuslauncher  I  Schedule relaunch activity: com.google.android.apps.nexuslauncher.NexusLauncherActivity
2026-03-16 22:32:52.814  6208-6254  .apps.wellbeing         com.google.android.apps.wellbeing    I  AssetManager2(0xb400007d4ddfe058) locale list changing from [] to [en-US]
2026-03-16 22:32:52.815  1377-1377  StateManager            com...le.android.apps.nexuslauncher  D  goToState - fromState: Normal, toState: Normal, partial trace:
                                                                                                    	at com.android.launcher3.statemanager.StateManager.moveToRestState(go/retraceme 72a59688580715d19f0e415c69e80376c2f062d1648c80db6730905005a27c20:4)
                                                                                                    	at com.android.launcher3.statemanager.StateManager.moveToRestState(go/retraceme 72a59688580715d19f0e415c69e80376c2f062d1648c80db6730905005a27c20:1)
                                                                                                    	at com.android.launcher3.statemanager.StatefulActivity.onStop(go/retraceme 72a59688580715d19f0e415c69e80376c2f062d1648c80db6730905005a27c20:34)
2026-03-16 22:32:52.816  8629-8629  InsetsController        com.example.swifthello               D  hide(ime(), fromIme=false)
2026-03-16 22:32:52.816  8629-8629  ImeTracker              com.example.swifthello               I  com.example.swifthello:2726a702: onCancelled at PHASE_CLIENT_ALREADY_HIDDEN
2026-03-16 22:32:52.818  1377-1377  StatsLog                com...le.android.apps.nexuslauncher  D  LAUNCHER_ONSTOP
2026-03-16 22:32:52.822  1377-1377  StatsLog                com...le.android.apps.nexuslauncher  D  LAUNCHER_GOOGLE_SEARCH_RESTORE_LIST_SIZE_AFTER_ACTIVITY_RESTART
2026-03-16 22:32:52.824  1377-1384  System                  com...le.android.apps.nexuslauncher  W  A resource failed to call release. 
2026-03-16 22:32:52.824  1377-1384  System                  com...le.android.apps.nexuslauncher  W  A resource failed to call release. 
2026-03-16 22:32:52.824  1377-1384  System                  com...le.android.apps.nexuslauncher  W  A resource failed to call release. 
2026-03-16 22:32:52.824  1377-1384  System                  com...le.android.apps.nexuslauncher  W  A resource failed to call release. 
2026-03-16 22:32:52.824  1377-1384  System                  com...le.android.apps.nexuslauncher  W  A resource failed to call release. 
2026-03-16 22:32:52.824  1377-1384  System                  com...le.android.apps.nexuslauncher  W  A resource failed to call release. 
2026-03-16 22:32:52.824  1377-1377  CannedAnimCoordinator   com...le.android.apps.nexuslauncher  D  Wrong controller access from H2.w@74f991d, actual provider null
2026-03-16 22:32:52.826  6206-6206  GoogleInpu...hodService com...gle.android.inputmethod.latin  I  GoogleInputMethodService.onFinishInput():2043 
2026-03-16 22:32:52.826   674-2193  ImeTracker              system_server                        I  system_server:bdd28d2d: onRequestHide at ORIGIN_SERVER reason IME_REQUESTED_CHANGED_LISTENER fromUser false
2026-03-16 22:32:52.827  6208-6254  .apps.wellbeing         com.google.android.apps.wellbeing    I  AssetManager2(0xb400007d4de01258) locale list changing from [] to [en-US]
2026-03-16 22:32:52.828  6208-6254  .apps.wellbeing         com.google.android.apps.wellbeing    I  AssetManager2(0xb400007d4ddf5098) locale list changing from [] to [en-US]
2026-03-16 22:32:52.829   674-696   ImeTracker              system_server                        I  system_server:bdd28d2d: onCancelled at PHASE_SERVER_SHOULD_HIDE
2026-03-16 22:32:52.831  1377-1377  RecentsView             com...le.android.apps.nexuslauncher  D  destroy
2026-03-16 22:32:52.831  1377-1377  TaskbarManager          com...le.android.apps.nexuslauncher  D  onActivityDestroyed: displayId=0 isDefaultDisplay=true
2026-03-16 22:32:52.831  1377-1377  TaskbarManager          com...le.android.apps.nexuslauncher  D  onActivityDestroyed: unregistering callbacks displayId=0 isDefaultDisplay=true
2026-03-16 22:32:52.831  1377-1377  TaskbarManager          com...le.android.apps.nexuslauncher  D  onActivityDestroyed: setting taskbarUIController displayId=0 isDefaultDisplay=true
2026-03-16 22:32:52.831  6208-6254  .apps.wellbeing         com.google.android.apps.wellbeing    I  AssetManager2(0xb400007d4ddfa1d8) locale list changing from [] to [en-US]
2026-03-16 22:32:52.831  6206-6206  Module                  com...gle.android.inputmethod.latin  I  DeviceLockedStatusModuleProvider$Module.updateDeviceLockedStatus():100 repeatCheckTimes = 0, locked = false
2026-03-16 22:32:52.833  1377-1377  TaskFragmentComponent   com...le.android.apps.nexuslauncher  D  destroy task fragment
                                                                                                    java.lang.Exception
                                                                                                    	at com.google.android.apps.nexuslauncher.overlay.TaskFragmentOverlayManager.onActivityDestroyed(go/retraceme 72a59688580715d19f0e415c69e80376c2f062d1648c80db6730905005a27c20:60)
                                                                                                    	at com.android.launcher3.Launcher.onDestroy(go/retraceme 72a59688580715d19f0e415c69e80376c2f062d1648c80db6730905005a27c20:107)
                                                                                                    	at com.android.launcher3.uioverrides.QuickstepLauncher.onDestroy(go/retraceme 72a59688580715d19f0e415c69e80376c2f062d1648c80db6730905005a27c20:77)
                                                                                                    	at com.google.android.apps.nexuslauncher.NexusLauncherActivity.onDestroy(go/retraceme 72a59688580715d19f0e415c69e80376c2f062d1648c80db6730905005a27c20:35)
                                                                                                    	at android.app.Activity.performDestroy(Activity.java:9460)
                                                                                                    	at android.app.Instrumentation.callActivityOnDestroy(Instrumentation.java:1556)
                                                                                                    	at android.app.ActivityThread.performDestroyActivity(ActivityThread.java:6256)
                                                                                                    	at android.app.ActivityThread.handleDestroyActivity(ActivityThread.java:6301)
                                                                                                    	at android.app.ActivityThread.handleRelaunchActivityInner(ActivityThread.java:6586)
                                                                                                    	at android.app.ActivityThread.handleRelaunchActivity(ActivityThread.java:6501)
                                                                                                    	at android.app.servertransaction.ActivityRelaunchItem.execute(ActivityRelaunchItem.java:106)
                                                                                                    	at android.app.servertransaction.ActivityTransactionItem.execute(ActivityTransactionItem.java:63)
                                                                                                    	at android.app.servertransaction.TransactionExecutor.executeNonLifecycleItem(TransactionExecutor.java:133)
                                                                                                    	at android.app.servertransaction.TransactionExecutor.executeTransactionItems(TransactionExecutor.java:103)
                                                                                                    	at android.app.servertransaction.TransactionExecutor.execute(TransactionExecutor.java:80)
                                                                                                    	at android.app.ClientTransactionHandler.executeTransaction(ClientTransactionHandler.java:69)
                                                                                                    	at android.app.ActivityThread.handleRelaunchActivityLocally(ActivityThread.java:6567)
                                                                                                    	at android.app.ActivityThread$H.handleMessage(ActivityThread.java:2829)
                                                                                                    	at android.os.Handler.dispatchMessage(Handler.java:110)
                                                                                                    	at android.os.Looper.loopOnce(Looper.java:248)
                                                                                                    	at android.os.Looper.loop(Looper.java:338)
                                                                                                    	at android.app.ActivityThread.main(ActivityThread.java:9067)
                                                                                                    	at java.lang.reflect.Method.invoke(Native Method)
                                                                                                    	at com.android.internal.os.RuntimeInit$MethodAndArgsCaller.run(RuntimeInit.java:593)
                                                                                                    	at com.android.internal.os.ZygoteInit.main(ZygoteInit.java:932)
2026-03-16 22:32:52.833  6206-6206  GoogleInpu...hodService com...gle.android.inputmethod.latin  I  GoogleInputMethodService.onStartInput():1293 onStartInput(EditorInfo{EditorInfo{packageName=com.example.swifthello, inputType=0, inputTypeString=NULL, enableLearning=false, autoCorrection=false, autoComplete=false, imeOptions=0, privateImeOptions=null, actionName=UNSPECIFIED, actionLabel=null, initialSelStart=-1, initialSelEnd=-1, initialCapsMode=0, label=null, fieldId=0, fieldName=null, extras=null, hintText=null, hintLocales=[]}}, false)
2026-03-16 22:32:52.835   674-1761  ActivityTaskManager     system_server                        D  Remove task fragment: deleteTaskFragment
2026-03-16 22:32:52.835  6206-6206  EmojiCompatManager      com...gle.android.inputmethod.latin  I  EmojiCompatManager.getEmojiCompatIfLoaded():343 EmojiCompat.init() was never called.
                                                                                                    java.lang.IllegalStateException: EmojiCompat is not initialized. Please call EmojiCompat.init() first
                                                                                                    	at asx.p(PG:6)
                                                                                                    	at axb.b(PG:13)
                                                                                                    	at jnr.b(PG:2)
                                                                                                    	at jnr.c(PG:4)
                                                                                                    	at jnr.f(PG:3)
                                                                                                    	at jnx.c(PG:3)
                                                                                                    	at kif.cz(PG:47)
                                                                                                    	at lhl.run(PG:1025)
                                                                                                    	at jaf.execute(PG:12)
                                                                                                    	at nco.v(PG:13)
                                                                                                    	at lhn.m(PG:96)
                                                                                                    	at lhn.k(PG:25)
                                                                                                    	at kgn.onStartInput(PG:250)
                                                                                                    	at android.inputmethodservice.InputMethodService.doStartInput(InputMethodService.java:3521)
                                                                                                    	at android.inputmethodservice.InputMethodService$InputMethodImpl.startInput(InputMethodService.java:879)
                                                                                                    	at android.inputmethodservice.InputMethodService$InputMethodImpl.dispatchStartInput(InputMethodService.java:908)
                                                                                                    	at android.inputmethodservice.IInputMethodWrapper.executeMessage(IInputMethodWrapper.java:201)
                                                                                                    	at com.android.internal.os.HandlerCaller$MyHandler.handleMessage(HandlerCaller.java:44)
                                                                                                    	at android.os.Handler.dispatchMessage(Handler.java:110)
                                                                                                    	at android.os.Looper.loopOnce(Looper.java:248)
                                                                                                    	at android.os.Looper.loop(Looper.java:338)
                                                                                                    	at android.app.ActivityThread.main(ActivityThread.java:9067)
                                                                                                    	at java.lang.reflect.Method.invoke(Native Method)
                                                                                                    	at com.android.internal.os.RuntimeInit$MethodAndArgsCaller.run(RuntimeInit.java:593)
                                                                                                    	at com.android.internal.os.ZygoteInit.main(ZygoteInit.java:932)
2026-03-16 22:32:52.836  6206-6206  Module                  com...gle.android.inputmethod.latin  I  DeviceLockedStatusModuleProvider$Module.updateDeviceLockedStatus():100 repeatCheckTimes = 1, locked = false
2026-03-16 22:32:52.837   674-750   PackageConfigPersister  system_server                        W  App-specific configuration not found for packageName: com.example.swifthello and userId: 0
2026-03-16 22:32:52.838  6208-6254  .apps.wellbeing         com.google.android.apps.wellbeing    I  AssetManager2(0xb400007d4ddf8298) locale list changing from [] to [en-US]
2026-03-16 22:32:52.841  1074-1157  WindowManagerShell      com.android.systemui                 V  Transition requested (#23): android.os.BinderProxy@7c121fc TransitionRequestInfo { type = CLOSE, triggerTask = null, pipChange = null, remoteTransition = RemoteTransition { remoteTransition = android.window.IRemoteTransition$Stub$Proxy@a7e7085, appThread = null, debugName = TaskFragmentComponent }, displayChange = null, flags = 0, debugId = 23 }
2026-03-16 22:32:52.841  1074-1157  WindowManagerShell      com.android.systemui                 V  RemoteTransition directly requested for (#23) android.os.BinderProxy@7c121fc: RemoteTransition { remoteTransition = android.window.IRemoteTransition$Stub$Proxy@a7e7085, appThread = null, debugName = TaskFragmentComponent }
2026-03-16 22:32:52.841  1074-1157  WindowManagerShell      com.android.systemui                 V  Transition (#23): request handled by RemoteTransitionHandler
2026-03-16 22:32:52.843  1377-1377  RecentsView             com...le.android.apps.nexuslauncher  D  reset - mEnableDrawingLiveTile: false, mRecentsAnimationController: null
2026-03-16 22:32:52.844   674-2193  SearchUiPerUserService  system_server                        D  Removing callback for session Id=com.google.android.apps.nexuslauncher:1e5bd80d-b258-45e9-aaf2-debcdad2f906,0 and callback=android.os.BinderProxy@ffd1100
2026-03-16 22:32:52.846  1377-1377  UnlockComponentFactory  com...le.android.apps.nexuslauncher  D  instantiateActivity() com.google.android.apps.nexuslauncher.NexusLauncherActivity isUserLocked: false
2026-03-16 22:32:52.846  6208-6254  .apps.wellbeing         com.google.android.apps.wellbeing    I  AssetManager2(0xb400007d4ddfae58) locale list changing from [] to [en-US]
2026-03-16 22:32:52.846  1377-1377  WindowOnBackDispatcher  com...le.android.apps.nexuslauncher  W  sendCancelIfRunning: isInProgress=false callback=com.android.launcher3.uioverrides.QuickstepLauncher$3@4583d4f
2026-03-16 22:32:52.846   674-2193  CoreBackPreview         system_server                        D  Window{cb35eda u0 com.google.android.apps.nexuslauncher/com.google.android.apps.nexuslauncher.NexusLauncherActivity}: Setting back callback null
2026-03-16 22:32:52.847   674-1761  SearchUiPerUserService  system_server                        D  Removing all callbacks for session Id=com.google.android.apps.nexuslauncher:1e5bd80d-b258-45e9-aaf2-debcdad2f906,0 and 0 callbacks.
2026-03-16 22:32:52.848  6208-6254  .apps.wellbeing         com.google.android.apps.wellbeing    I  AssetManager2(0xb400007d4ddf6038) locale list changing from [] to [en-US]
2026-03-16 22:32:52.849   674-750   CoreBackPreview         system_server                        D  Window{cb35eda u0 com.google.android.apps.nexuslauncher/com.google.android.apps.nexuslauncher.NexusLauncherActivity}: Setting back callback OnBackInvokedCallbackInfo{mCallback=android.window.IOnBackInvokedCallback$Stub$Proxy@7aa4e3b, mPriority=-1, mIsAnimationCallback=false, mOverrideBehavior=0}
2026-03-16 22:32:52.849   674-750   CoreBackPreview         system_server                        D  Window{cb35eda u0 com.google.android.apps.nexuslauncher/com.google.android.apps.nexuslauncher.NexusLauncherActivity}: Setting back callback OnBackInvokedCallbackInfo{mCallback=android.window.IOnBackInvokedCallback$Stub$Proxy@3fb7958, mPriority=0, mIsAnimationCallback=true, mOverrideBehavior=0}
2026-03-16 22:32:52.858  6208-6254  .apps.wellbeing         com.google.android.apps.wellbeing    I  AssetManager2(0xb400007d4de01898) locale list changing from [] to [en-US]
2026-03-16 22:32:52.861  6208-6254  .apps.wellbeing         com.google.android.apps.wellbeing    I  AssetManager2(0xb400007d4ddfcd98) locale list changing from [] to [en-US]
2026-03-16 22:32:52.861  1377-1377  Resources               com...le.android.apps.nexuslauncher  W  Drawable com.google.android.apps.nexuslauncher:drawable/ic_chevron_end has unresolved theme attributes! Consider using Resources.getDrawable(int, Theme) or Context.getDrawable(int).
                                                                                                    java.lang.RuntimeException
                                                                                                    	at android.content.res.Resources.getDrawable(Resources.java:926)
                                                                                                    	at com.android.launcher3.pageindicators.PageIndicatorDots.<init>(go/retraceme 72a59688580715d19f0e415c69e80376c2f062d1648c80db6730905005a27c20:16)
                                                                                                    	at com.android.launcher3.pageindicators.PageIndicatorDots.<init>(go/retraceme 72a59688580715d19f0e415c69e80376c2f062d1648c80db6730905005a27c20:2)
                                                                                                    	at java.lang.reflect.Constructor.newInstance0(Native Method)
                                                                                                    	at java.lang.reflect.Constructor.newInstance(Constructor.java:343)
                                                                                                    	at android.view.LayoutInflater.createView(LayoutInflater.java:743)
                                                                                                    	at android.view.LayoutInflater.createViewFromTag(LayoutInflater.java:895)
                                                                                                    	at android.view.LayoutInflater.createViewFromTag(LayoutInflater.java:850)
                                                                                                    	at android.view.LayoutInflater.rInflate(LayoutInflater.java:1012)
                                                                                                    	at android.view.LayoutInflater.rInflateChildren(LayoutInflater.java:973)
                                                                                                    	at android.view.LayoutInflater.rInflate(LayoutInflater.java:1015)
                                                                                                    	at android.view.LayoutInflater.rInflateChildren(LayoutInflater.java:973)
                                                                                                    	at android.view.LayoutInflater.inflate(LayoutInflater.java:571)
                                                                                                    	at android.view.LayoutInflater.inflate(LayoutInflater.java:462)
                                                                                                    	at android.view.LayoutInflater.inflate(LayoutInflater.java:413)
                                                                                                    	at com.android.launcher3.statemanager.StatefulActivity.inflateRootView(go/retraceme 72a59688580715d19f0e415c69e80376c2f062d1648c80db6730905005a27c20:6)
                                                                                                    	at com.android.launcher3.Launcher.setupViews(go/retraceme 72a59688580715d19f0e415c69e80376c2f062d1648c80db6730905005a27c20:10)
                                                                                                    	at com.android.launcher3.uioverrides.QuickstepLauncher.setupViews(go/retraceme 72a59688580715d19f0e415c69e80376c2f062d1648c80db6730905005a27c20:13)
                                                                                                    	at com.google.android.apps.nexuslauncher.NexusLauncherActivity.setupViews(go/retraceme 72a59688580715d19f0e415c69e80376c2f062d1648c80db6730905005a27c20:19)
                                                                                                    	at com.android.launcher3.Launcher.onCreate(go/retraceme 72a59688580715d19f0e415c69e80376c2f062d1648c80db6730905005a27c20:181)
                                                                                                    	at com.android.launcher3.uioverrides.QuickstepLauncher.onCreate(go/retraceme 72a59688580715d19f0e415c69e80376c2f062d1648c80db6730905005a27c20:1)
                                                                                                    	at com.google.android.apps.nexuslauncher.NexusLauncherActivity.onCreate(go/retraceme 72a59688580715d19f0e415c69e80376c2f062d1648c80db6730905005a27c20:1)
                                                                                                    	at android.app.Activity.performCreate(Activity.java:9155)
                                                                                                    	at android.app.Activity.performCreate(Activity.java:9133)
                                                                                                    	at android.app.Instrumentation.callActivityOnCreate(Instrumentation.java:1521)
                                                                                                    	at android.app.ActivityThread.performLaunchActivity(ActivityThread.java:4262)
                                                                                                    	at android.app.ActivityThread.handleLaunchActivity(ActivityThread.java:4467)
                                                                                                    	at android.app.ActivityThread.handleRelaunchActivityInner(ActivityThread.java:6610)
                                                                                                    	at android.app.ActivityThread.handleRelaunchActivity(ActivityThread.java:6501)
                                                                                                    	at android.app.servertransaction.ActivityRelaunchItem.execute(ActivityRelaunchItem.java:106)
                                                                                                    	at android.app.servertransaction.ActivityTransactionItem.execute(ActivityTransactionItem.java:63)
                                                                                                    	at android.app.servertransaction.TransactionExecutor.executeNonLifecycleItem(TransactionExecutor.java:133)
                                                                                                    	at android.app.servertransaction.TransactionExecutor.executeTransactionItems(TransactionExecutor.java:103)
                                                                                                    	at android.app.servertransaction.TransactionExecutor.execute(TransactionExecutor.java:80)
                                                                                                    	at android.app.ClientTransactionHandler.executeTransaction(ClientTransactionHandler.java:69)
                                                                                                    	at android.app.ActivityThread.handleRelaunchActivityLocally(ActivityThread.java:6567)
                                                                                                    	at android.app.ActivityThread$H.handleMessage(ActivityThread.java:2829)
                                                                                                    	at android.os.Handler.dispatchMessage(Handler.java:110)
                                                                                                    	at android.os.Looper.loopOnce(Looper.java:248)
                                                                                                    	at android.os.Looper.loop(Looper.java:338)
                                                                                                    	at android.app.ActivityThread.main(ActivityThread.java:9067)
                                                                                                    	at java.lang.reflect.Method.invoke(Native Method)
2026-03-16 22:32:52.861  1377-1377  Resources               com...le.android.apps.nexuslauncher  W  	at com.android.internal.os.RuntimeInit$MethodAndArgsCaller.run(RuntimeInit.java:593)
                                                                                                    	at com.android.internal.os.ZygoteInit.main(ZygoteInit.java:932)
2026-03-16 22:32:52.861  1377-1377  Resources               com...le.android.apps.nexuslauncher  W  Drawable com.google.android.apps.nexuslauncher:drawable/ic_chevron_start has unresolved theme attributes! Consider using Resources.getDrawable(int, Theme) or Context.getDrawable(int).
                                                                                                    java.lang.RuntimeException
                                                                                                    	at android.content.res.Resources.getDrawable(Resources.java:926)
                                                                                                    	at com.android.launcher3.pageindicators.PageIndicatorDots.<init>(go/retraceme 72a59688580715d19f0e415c69e80376c2f062d1648c80db6730905005a27c20:17)
                                                                                                    	at com.android.launcher3.pageindicators.PageIndicatorDots.<init>(go/retraceme 72a59688580715d19f0e415c69e80376c2f062d1648c80db6730905005a27c20:2)
                                                                                                    	at java.lang.reflect.Constructor.newInstance0(Native Method)
                                                                                                    	at java.lang.reflect.Constructor.newInstance(Constructor.java:343)
                                                                                                    	at android.view.LayoutInflater.createView(LayoutInflater.java:743)
                                                                                                    	at android.view.LayoutInflater.createViewFromTag(LayoutInflater.java:895)
                                                                                                    	at android.view.LayoutInflater.createViewFromTag(LayoutInflater.java:850)
                                                                                                    	at android.view.LayoutInflater.rInflate(LayoutInflater.java:1012)
                                                                                                    	at android.view.LayoutInflater.rInflateChildren(LayoutInflater.java:973)
                                                                                                    	at android.view.LayoutInflater.rInflate(LayoutInflater.java:1015)
                                                                                                    	at android.view.LayoutInflater.rInflateChildren(LayoutInflater.java:973)
                                                                                                    	at android.view.LayoutInflater.inflate(LayoutInflater.java:571)
                                                                                                    	at android.view.LayoutInflater.inflate(LayoutInflater.java:462)
                                                                                                    	at android.view.LayoutInflater.inflate(LayoutInflater.java:413)
                                                                                                    	at com.android.launcher3.statemanager.StatefulActivity.inflateRootView(go/retraceme 72a59688580715d19f0e415c69e80376c2f062d1648c80db6730905005a27c20:6)
                                                                                                    	at com.android.launcher3.Launcher.setupViews(go/retraceme 72a59688580715d19f0e415c69e80376c2f062d1648c80db6730905005a27c20:10)
                                                                                                    	at com.android.launcher3.uioverrides.QuickstepLauncher.setupViews(go/retraceme 72a59688580715d19f0e415c69e80376c2f062d1648c80db6730905005a27c20:13)
                                                                                                    	at com.google.android.apps.nexuslauncher.NexusLauncherActivity.setupViews(go/retraceme 72a59688580715d19f0e415c69e80376c2f062d1648c80db6730905005a27c20:19)
                                                                                                    	at com.android.launcher3.Launcher.onCreate(go/retraceme 72a59688580715d19f0e415c69e80376c2f062d1648c80db6730905005a27c20:181)
                                                                                                    	at com.android.launcher3.uioverrides.QuickstepLauncher.onCreate(go/retraceme 72a59688580715d19f0e415c69e80376c2f062d1648c80db6730905005a27c20:1)
                                                                                                    	at com.google.android.apps.nexuslauncher.NexusLauncherActivity.onCreate(go/retraceme 72a59688580715d19f0e415c69e80376c2f062d1648c80db6730905005a27c20:1)
                                                                                                    	at android.app.Activity.performCreate(Activity.java:9155)
                                                                                                    	at android.app.Activity.performCreate(Activity.java:9133)
                                                                                                    	at android.app.Instrumentation.callActivityOnCreate(Instrumentation.java:1521)
                                                                                                    	at android.app.ActivityThread.performLaunchActivity(ActivityThread.java:4262)
                                                                                                    	at android.app.ActivityThread.handleLaunchActivity(ActivityThread.java:4467)
                                                                                                    	at android.app.ActivityThread.handleRelaunchActivityInner(ActivityThread.java:6610)
                                                                                                    	at android.app.ActivityThread.handleRelaunchActivity(ActivityThread.java:6501)
                                                                                                    	at android.app.servertransaction.ActivityRelaunchItem.execute(ActivityRelaunchItem.java:106)
                                                                                                    	at android.app.servertransaction.ActivityTransactionItem.execute(ActivityTransactionItem.java:63)
                                                                                                    	at android.app.servertransaction.TransactionExecutor.executeNonLifecycleItem(TransactionExecutor.java:133)
                                                                                                    	at android.app.servertransaction.TransactionExecutor.executeTransactionItems(TransactionExecutor.java:103)
                                                                                                    	at android.app.servertransaction.TransactionExecutor.execute(TransactionExecutor.java:80)
                                                                                                    	at android.app.ClientTransactionHandler.executeTransaction(ClientTransactionHandler.java:69)
                                                                                                    	at android.app.ActivityThread.handleRelaunchActivityLocally(ActivityThread.java:6567)
                                                                                                    	at android.app.ActivityThread$H.handleMessage(ActivityThread.java:2829)
                                                                                                    	at android.os.Handler.dispatchMessage(Handler.java:110)
                                                                                                    	at android.os.Looper.loopOnce(Looper.java:248)
                                                                                                    	at android.os.Looper.loop(Looper.java:338)
                                                                                                    	at android.app.ActivityThread.main(ActivityThread.java:9067)
                                                                                                    	at java.lang.reflect.Method.invoke(Native Method)
2026-03-16 22:32:52.861  1377-1377  Resources               com...le.android.apps.nexuslauncher  W  	at com.android.internal.os.RuntimeInit$MethodAndArgsCaller.run(RuntimeInit.java:593)
                                                                                                    	at com.android.internal.os.ZygoteInit.main(ZygoteInit.java:932)
2026-03-16 22:32:52.863  6208-6254  .apps.wellbeing         com.google.android.apps.wellbeing    I  AssetManager2(0xb400007d4ddfd3d8) locale list changing from [] to [en-US]
2026-03-16 22:32:52.888  1377-8697  ViewPool                com...le.android.apps.nexuslauncher  D  initPool complete
2026-03-16 22:32:52.889  6208-6254  .apps.wellbeing         com.google.android.apps.wellbeing    I  AssetManager2(0xb400007d4ddfca78) locale list changing from [] to [en-US]
2026-03-16 22:32:52.891  1377-8696  ViewPool                com...le.android.apps.nexuslauncher  D  initPool complete
2026-03-16 22:32:52.894  1377-1377  RecyclerView            com...le.android.apps.nexuslauncher  E  Cannot scroll to position a LayoutManager set. Call setLayoutManager with a non-null argument.
2026-03-16 22:32:52.894  1377-1377  ActivityAl...tainerView com...le.android.apps.nexuslauncher  D  rebindAdapters: force: true
2026-03-16 22:32:52.894  1377-1377  ActivityAl...tainerView com...le.android.apps.nexuslauncher  D  replaceAppsRVContainer: showTabs: false
2026-03-16 22:32:52.895  1377-1377  AlphabeticalAppsList    com...le.android.apps.nexuslauncher  D  Clearing FastScrollerSections.
2026-03-16 22:32:52.895  1377-1377  AlphabeticalAppsList    com...le.android.apps.nexuslauncher  D  Adding apps with sections. HasPrivateApps: true
2026-03-16 22:32:52.895  1377-1377  RecyclerView            com...le.android.apps.nexuslauncher  E  Cannot scroll to position a LayoutManager set. Call setLayoutManager with a non-null argument.
2026-03-16 22:32:52.895  1377-1377  DeviceSearchAlg         com...le.android.apps.nexuslauncher  D  search timeout = %d200
2026-03-16 22:32:52.897  1377-1377  PageIndicator           com...le.android.apps.nexuslauncher  W  Total number of pages invalid: 0. Assuming 1 page.
2026-03-16 22:32:52.897  1377-1377  BcSmartspaceView        com...le.android.apps.nexuslauncher  W  Current card is not present in the Adapter; cannot log.
2026-03-16 22:32:52.897  1377-1377  CellLayout              com...le.android.apps.nexuslauncher  D  Adding view to ShortcutsAndWidgetsContainer: com.google.android.apps.nexuslauncher.qsb.SmartspaceViewContainer{6dfa255 V.E...... ......I. 0,0-0,0 #7f0a032d app:id/search_container_workspace}
2026-03-16 22:32:52.897  1377-1377  OverviewActionsView     com...le.android.apps.nexuslauncher  D  updateActionButtonsVisibility() called: showSingleTaskActions = [true], showGroupActions = [false]
2026-03-16 22:32:52.900  6208-6254  .apps.wellbeing         com.google.android.apps.wellbeing    I  AssetManager2(0xb400007d4ddfeff8) locale list changing from [] to [en-US]
2026-03-16 22:32:52.907  6208-6254  .apps.wellbeing         com.google.android.apps.wellbeing    I  AssetManager2(0xb400007d4ddfecd8) locale list changing from [] to [en-US]
2026-03-16 22:32:52.911  1377-1377  KeyboardInsetsHandler   com...le.android.apps.nexuslauncher  D  setState, toState:Normal StateManager(mLastStableState:Normal, mCurrentStableState:Normal, mState:Normal, mRestState:null, isInTransition:false)
2026-03-16 22:32:52.911  1377-1377  CellLayout              com...le.android.apps.nexuslauncher  D  Adding view to ShortcutsAndWidgetsContainer: com.google.android.apps.nexuslauncher.qsb.SmartspaceViewContainer{6dfa255 V.E...... ......I. 0,0-0,0 #7f0a032d app:id/search_container_workspace}
2026-03-16 22:32:52.911  1377-1377  ModelCallbacks          com...le.android.apps.nexuslauncher  D  startBinding: hotseat layout was vertical: false and is setting to false
2026-03-16 22:32:52.913  1377-1377  Launcher.Workspace      com...le.android.apps.nexuslauncher  D  addInScreenFromBind: hotseat inflation with x = 0 and y = 0
2026-03-16 22:32:52.916  1377-1377  CellLayout              com...le.android.apps.nexuslauncher  D  Adding view to ShortcutsAndWidgetsContainer: com.android.launcher3.views.DoubleShadowBubbleTextView{13e37d4 VFED..C.. ......ID 0,0-0,0 #1}
2026-03-16 22:32:52.917  1377-1377  Launcher.Workspace      com...le.android.apps.nexuslauncher  D  addInScreenFromBind: hotseat inflation with x = 1 and y = 0
2026-03-16 22:32:52.917  1377-1377  CellLayout              com...le.android.apps.nexuslauncher  D  Adding view to ShortcutsAndWidgetsContainer: com.android.launcher3.views.DoubleShadowBubbleTextView{e788d7d VFED..C.. ......ID 0,0-0,0 #2}
2026-03-16 22:32:52.917  1377-1377  Launcher.Workspace      com...le.android.apps.nexuslauncher  D  addInScreenFromBind: hotseat inflation with x = 2 and y = 0
2026-03-16 22:32:52.917  1377-1377  CellLayout              com...le.android.apps.nexuslauncher  D  Adding view to ShortcutsAndWidgetsContainer: com.android.launcher3.views.DoubleShadowBubbleTextView{1e8472 VFED..C.. ......ID 0,0-0,0 #3}
2026-03-16 22:32:52.917  1377-1377  CellLayout              com...le.android.apps.nexuslauncher  D  Adding view to ShortcutsAndWidgetsContainer: com.android.launcher3.views.DoubleShadowBubbleTextView{b8550c3 VFED..C.. ......ID 0,0-0,0 #4}
2026-03-16 22:32:52.917  1377-1377  CellLayout              com...le.android.apps.nexuslauncher  D  Adding view to ShortcutsAndWidgetsContainer: com.android.launcher3.views.DoubleShadowBubbleTextView{30fd40 VFED..C.. ......ID 0,0-0,0 #5}
2026-03-16 22:32:52.917  1377-1377  CellLayout              com...le.android.apps.nexuslauncher  D  Adding view to ShortcutsAndWidgetsContainer: com.android.launcher3.views.DoubleShadowBubbleTextView{1858479 VFED..C.. ......ID 0,0-0,0 #6}
2026-03-16 22:32:52.917  1377-1377  CellLayout              com...le.android.apps.nexuslauncher  D  Adding view to ShortcutsAndWidgetsContainer: com.android.launcher3.views.DoubleShadowBubbleTextView{2cc75be VFED..C.. ......ID 0,0-0,0 #7}
2026-03-16 22:32:52.917  1377-1377  SearchTargetUtil        com...le.android.apps.nexuslauncher  D  queryLength=0 size=15
2026-03-16 22:32:52.917  1377-1377  SearchTargetUtil        com...le.android.apps.nexuslauncher  D  layoutType=short_icon_row resultType=131072 packageName=com.google.android.googlequicksearchbox
2026-03-16 22:32:52.917  1377-1377  SearchTargetUtil        com...le.android.apps.nexuslauncher  D  layoutType=short_icon_row resultType=131072 packageName=com.google.android.googlequicksearchbox
2026-03-16 22:32:52.917  1377-1377  SearchTargetUtil        com...le.android.apps.nexuslauncher  D  layoutType=short_icon_row resultType=131072 packageName=com.google.android.googlequicksearchbox
2026-03-16 22:32:52.917  1377-1377  SearchTargetUtil        com...le.android.apps.nexuslauncher  D  layoutType=short_icon_row resultType=131072 packageName=com.google.android.googlequicksearchbox
2026-03-16 22:32:52.917  1377-1377  SearchTargetUtil        com...le.android.apps.nexuslauncher  D  layoutType=short_icon_row resultType=131072 packageName=com.google.android.googlequicksearchbox
2026-03-16 22:32:52.917  1377-1377  SearchTargetUtil        com...le.android.apps.nexuslauncher  D  layoutType=short_icon_row resultType=131072 packageName=com.google.android.googlequicksearchbox
2026-03-16 22:32:52.917  1377-1377  SearchTargetUtil        com...le.android.apps.nexuslauncher  D  layoutType=short_icon_row resultType=131072 packageName=com.google.android.googlequicksearchbox
2026-03-16 22:32:52.917  1377-1377  SearchTargetUtil        com...le.android.apps.nexuslauncher  D  layoutType=short_icon_row resultType=131072 packageName=com.google.android.googlequicksearchbox
2026-03-16 22:32:52.917  1377-1377  SearchTargetUtil        com...le.android.apps.nexuslauncher  D  layoutType=short_icon_row resultType=131072 packageName=com.google.android.googlequicksearchbox
2026-03-16 22:32:52.917  1377-1377  SearchTargetUtil        com...le.android.apps.nexuslauncher  D  layoutType=short_icon_row resultType=131072 packageName=com.google.android.googlequicksearchbox
2026-03-16 22:32:52.917  1377-1377  SearchTargetUtil        com...le.android.apps.nexuslauncher  D  layoutType=short_icon_row resultType=131072 packageName=com.google.android.googlequicksearchbox
2026-03-16 22:32:52.917  1377-1377  SearchTargetUtil        com...le.android.apps.nexuslauncher  D  layoutType=extra_tall_icon_row resultType=131072 packageName=com.google.android.googlequicksearchbox
2026-03-16 22:32:52.917  1377-1377  SearchTargetUtil        com...le.android.apps.nexuslauncher  D  layoutType=short_icon_row resultType=131072 packageName=com.google.android.googlequicksearchbox
2026-03-16 22:32:52.917  1377-1377  SearchTargetUtil        com...le.android.apps.nexuslauncher  D  layoutType=short_icon_row resultType=131072 packageName=com.google.android.googlequicksearchbox
2026-03-16 22:32:52.918  1377-1377  SearchTargetUtil        com...le.android.apps.nexuslauncher  D  layoutType=short_icon_row resultType=131072 packageName=com.google.android.googlequicksearchbox
2026-03-16 22:32:52.918  1377-1377  b/387844520             com...le.android.apps.nexuslauncher  D  getOutlineOffsetX: measured width = 0, mNormalizedIconSize = 159, last updated width = 0
2026-03-16 22:32:52.919  1377-1377  Launcher.Workspace      com...le.android.apps.nexuslauncher  D  addInScreenFromBind: hotseat inflation with x = 3 and y = 0
2026-03-16 22:32:52.919  1377-1377  CellLayout              com...le.android.apps.nexuslauncher  D  Adding view to ShortcutsAndWidgetsContainer: com.android.launcher3.uioverrides.PredictedAppIcon{5d0ef35 VFED..C.. ......ID 0,0-0,0}
2026-03-16 22:32:52.920  6208-6254  .apps.wellbeing         com.google.android.apps.wellbeing    I  AssetManager2(0xb400007d4ddff638) locale list changing from [] to [en-US]
2026-03-16 22:32:52.922  1377-1377  LauncherBinder          com...le.android.apps.nexuslauncher  D  Starting async inflation
2026-03-16 22:32:52.922  1377-1377  AllAppsStore            com...le.android.apps.nexuslauncher  D  setApps: apps.length=20
2026-03-16 22:32:52.922  1377-1377  AllAppsStore            com...le.android.apps.nexuslauncher  D  notifyUpdate: notifying listeners
2026-03-16 22:32:52.922  1377-1377  ActivityAl...tainerView com...le.android.apps.nexuslauncher  D  onAppsUpdated; number of apps: 20
2026-03-16 22:32:52.922  1377-1377  ActivityAl...tainerView com...le.android.apps.nexuslauncher  D  rebindAdapters: force: false
2026-03-16 22:32:52.922  1377-1377  ActivityAl...tainerView com...le.android.apps.nexuslauncher  D  rebindAdapters: Not needed.
2026-03-16 22:32:52.922  1377-1377  StatsLog                com...le.android.apps.nexuslauncher  D  LAUNCHER_ALLAPPS_COUNT
2026-03-16 22:32:52.923  1377-1377  AlphabeticalAppsList    com...le.android.apps.nexuslauncher  D  Clearing FastScrollerSections.
2026-03-16 22:32:52.923  1377-1377  AlphabeticalAppsList    com...le.android.apps.nexuslauncher  D  Adding apps with sections. HasPrivateApps: false
2026-03-16 22:32:52.923  1377-1377  AlphabeticalAppsList    com...le.android.apps.nexuslauncher  D  addAppsWithSections: adding sectionName: C with appInfoTitle: Calendar
2026-03-16 22:32:52.923  1377-1377  AlphabeticalAppsList    com...le.android.apps.nexuslauncher  D  addAppsWithSections: adding sectionName: D with appInfoTitle: Drive
2026-03-16 22:32:52.923  1377-1377  AlphabeticalAppsList    com...le.android.apps.nexuslauncher  D  addAppsWithSections: adding sectionName: F with appInfoTitle: Files
2026-03-16 22:32:52.923  1377-1377  AlphabeticalAppsList    com...le.android.apps.nexuslauncher  D  addAppsWithSections: adding sectionName: G with appInfoTitle: Gmail
2026-03-16 22:32:52.923  1377-1377  AlphabeticalAppsList    com...le.android.apps.nexuslauncher  D  addAppsWithSections: adding sectionName: M with appInfoTitle: Maps
2026-03-16 22:32:52.923  1377-1377  AlphabeticalAppsList    com...le.android.apps.nexuslauncher  D  addAppsWithSections: adding sectionName: P with appInfoTitle: Phone
2026-03-16 22:32:52.923  1377-1377  AlphabeticalAppsList    com...le.android.apps.nexuslauncher  D  addAppsWithSections: adding sectionName: S with appInfoTitle: Safety
2026-03-16 22:32:52.923  1377-1377  AlphabeticalAppsList    com...le.android.apps.nexuslauncher  D  addAppsWithSections: adding sectionName: T with appInfoTitle: TMoble
2026-03-16 22:32:52.923  1377-1377  AlphabeticalAppsList    com...le.android.apps.nexuslauncher  D  addAppsWithSections: adding sectionName: Y with appInfoTitle: YouTube
2026-03-16 22:32:52.923  1377-1377  AlphabeticalAppsList    com...le.android.apps.nexuslauncher  D  Adding FastScrollSection duplicate to scroll to the bottom.
2026-03-16 22:32:52.923  1377-1377  AlphabeticalAppsList    com...le.android.apps.nexuslauncher  D  Clearing FastScrollerSections.
2026-03-16 22:32:52.923  1377-1377  AlphabeticalAppsList    com...le.android.apps.nexuslauncher  D  Adding apps with sections. HasPrivateApps: false
2026-03-16 22:32:52.923  1377-1377  AlphabeticalAppsList    com...le.android.apps.nexuslauncher  D  addAppsWithSections: adding sectionName: C with appInfoTitle: Calendar
2026-03-16 22:32:52.923  1377-1377  AlphabeticalAppsList    com...le.android.apps.nexuslauncher  D  addAppsWithSections: adding sectionName: D with appInfoTitle: Drive
2026-03-16 22:32:52.923  1377-1377  AlphabeticalAppsList    com...le.android.apps.nexuslauncher  D  addAppsWithSections: adding sectionName: F with appInfoTitle: Files
2026-03-16 22:32:52.923  1377-1377  AlphabeticalAppsList    com...le.android.apps.nexuslauncher  D  addAppsWithSections: adding sectionName: G with appInfoTitle: Gmail
2026-03-16 22:32:52.923  1377-1377  AlphabeticalAppsList    com...le.android.apps.nexuslauncher  D  addAppsWithSections: adding sectionName: M with appInfoTitle: Maps
2026-03-16 22:32:52.923  1377-1377  AlphabeticalAppsList    com...le.android.apps.nexuslauncher  D  addAppsWithSections: adding sectionName: P with appInfoTitle: Phone
2026-03-16 22:32:52.923  1377-1377  AlphabeticalAppsList    com...le.android.apps.nexuslauncher  D  addAppsWithSections: adding sectionName: S with appInfoTitle: Safety
2026-03-16 22:32:52.923  1377-1377  AlphabeticalAppsList    com...le.android.apps.nexuslauncher  D  addAppsWithSections: adding sectionName: T with appInfoTitle: TMoble
2026-03-16 22:32:52.923  1377-1377  AlphabeticalAppsList    com...le.android.apps.nexuslauncher  D  addAppsWithSections: adding sectionName: Y with appInfoTitle: YouTube
2026-03-16 22:32:52.923  1377-1377  AlphabeticalAppsList    com...le.android.apps.nexuslauncher  D  Adding FastScrollSection duplicate to scroll to the bottom.
2026-03-16 22:32:52.925   674-2193  SearchUiPerUserService  system_server                        D  Creating SearchSessionInfo for session Id=com.google.android.apps.nexuslauncher:b8bdc13a-7756-4d02-8ce5-0a48f9945a18,0
2026-03-16 22:32:52.926  1664-1664  AiAiEcho                com.google.android.as                I  SearchContextManagerImpl::setSearchContext resultTypes=[139867] extras=[Bundle[{launcher.maxInlineIcons=3, dynamic_ranking_m3_enabled=true, qs_tiles_asi_enabled=true, allowlist_enabled=false, one_search_enabled=true, system_clock=true, version_code=12, gms_play_query_lower_bound=2, gms_play_query_upper_bound=20, recent_search_block_enabled=true, gms_play_feature_supported=true, launcher.gridSize=4, showhiddentargets_enabled=false, ose_info=1}]] sessionId=[com.google.android.apps.nexuslauncher:b8bdc13a-7756-4d02-8ce5-0a48f9945a18,0]
2026-03-16 22:32:52.927   674-2193  SearchUiPerUserService  system_server                        D  Storing callback for session Id=com.google.android.apps.nexuslauncher:b8bdc13a-7756-4d02-8ce5-0a48f9945a18,0 and callback=android.os.BinderProxy@8341b70
2026-03-16 22:32:52.929  1377-1421  SearchTargetUtil        com...le.android.apps.nexuslauncher  D  queryLength=0 size=1
2026-03-16 22:32:52.929  1377-1421  SearchTargetUtil        com...le.android.apps.nexuslauncher  D  layoutType=icon_row resultType=4096 packageName=
2026-03-16 22:32:52.931  6208-6254  .apps.wellbeing         com.google.android.apps.wellbeing    I  AssetManager2(0xb400007d4de00c18) locale list changing from [] to [en-US]
2026-03-16 22:32:52.932  1377-1377  AlphabeticIndexCompat   com...le.android.apps.nexuslauncher  D  computeSectionName: cs: Settings sectionName: S
2026-03-16 22:32:52.932  1377-1377  AlphabeticIndexCompat   com...le.android.apps.nexuslauncher  D  computeSectionName: cs: Photos sectionName: P
2026-03-16 22:32:52.932  1377-1377  AlphabeticIndexCompat   com...le.android.apps.nexuslauncher  D  computeSectionName: cs: Battery sectionName: B
2026-03-16 22:32:52.933  1377-1377  AlphabeticIndexCompat   com...le.android.apps.nexuslauncher  D  computeSectionName: cs: Chrome sectionName: C
2026-03-16 22:32:52.933  1377-1377  AlphabeticIndexCompat   com...le.android.apps.nexuslauncher  D  computeSectionName: cs: Gmail sectionName: G
2026-03-16 22:32:52.933  1377-1377  AlphabeticIndexCompat   com...le.android.apps.nexuslauncher  D  computeSectionName: cs: Drive sectionName: D
2026-03-16 22:32:52.933  1377-1377  AlphabeticIndexCompat   com...le.android.apps.nexuslauncher  D  computeSectionName: cs: Clock sectionName: C
2026-03-16 22:32:52.934  1377-1377  AlphabeticIndexCompat   com...le.android.apps.nexuslauncher  D  computeSectionName: cs: Contacts sectionName: C
2026-03-16 22:32:52.934  1377-1377  AlphabeticIndexCompat   com...le.android.apps.nexuslauncher  D  computeSectionName: cs: Calendar sectionName: C
2026-03-16 22:32:52.934  1377-1377  AlphabeticIndexCompat   com...le.android.apps.nexuslauncher  D  computeSectionName: cs: Maps sectionName: M
2026-03-16 22:32:52.934  1377-1377  AlphabeticIndexCompat   com...le.android.apps.nexuslauncher  D  computeSectionName: cs: YouTube Music sectionName: Y
2026-03-16 22:32:52.934  1377-1377  AlphabeticIndexCompat   com...le.android.apps.nexuslauncher  D  computeSectionName: cs: YouTube sectionName: Y
2026-03-16 22:32:52.934  1377-1377  AlphabeticIndexCompat   com...le.android.apps.nexuslauncher  D  computeSectionName: cs: Google sectionName: G
2026-03-16 22:32:52.934  1377-1377  AlphabeticIndexCompat   com...le.android.apps.nexuslauncher  D  computeSectionName: cs: Android System Intelligence sectionName: A
2026-03-16 22:32:52.934  1377-1377  AlphabeticIndexCompat   com...le.android.apps.nexuslauncher  D  computeSectionName: cs: Digital Wellbeing sectionName: D
2026-03-16 22:32:52.934  1377-1377  AlphabeticIndexCompat   com...le.android.apps.nexuslauncher  D  computeSectionName: cs: Conversations sectionName: C
2026-03-16 22:32:52.940  6208-6254  .apps.wellbeing         com.google.android.apps.wellbeing    I  AssetManager2(0xb400007d4ddfc758) locale list changing from [] to [en-US]
2026-03-16 22:32:52.942  6208-6254  .apps.wellbeing         com.google.android.apps.wellbeing    I  AssetManager2(0xb400007d4ddfda18) locale list changing from [] to [en-US]
2026-03-16 22:32:52.942  1377-1377  OverviewActionsView     com...le.android.apps.nexuslauncher  D  updateActionButtonsVisibility() called: showSingleTaskActions = [true], showGroupActions = [false]
2026-03-16 22:32:52.942  1377-1377  KeyboardInsetsHandler   com...le.android.apps.nexuslauncher  D  setState, toState:Normal StateManager(mLastStableState:Normal, mCurrentStableState:Normal, mState:Normal, mRestState:null, isInTransition:false)
2026-03-16 22:32:52.943  1377-1377  OverviewActionsView     com...le.android.apps.nexuslauncher  D  updateActionButtonsVisibility() called: showSingleTaskActions = [true], showGroupActions = [false]
2026-03-16 22:32:52.943  1377-1377  b/380940677             com...le.android.apps.nexuslauncher  D  [mStateHandlerRequest=0, mCurrentStateRequest=0, mLastActivityFlags=5, mIgnoreAutoRotateSettings=false, mHomeRotationEnabled=false, mForceAllowRotationForTesting=false, mDestroyed=false, mIsFixedLandscape=false]
2026-03-16 22:32:52.944   674-2193  WindowManager           system_server                        V  Queueing transition: TransitionRecord{b3ca0a5 id=-1 type=CHANGE flags=0x0}
2026-03-16 22:32:52.945  1377-1377  ActivityAl...tainerView com...le.android.apps.nexuslauncher  D  rebindAdapters: force: false
2026-03-16 22:32:52.945  1377-1377  ActivityAl...tainerView com...le.android.apps.nexuslauncher  D  rebindAdapters: Not needed.
2026-03-16 22:32:52.946  1377-1421  InputMonitorCompat      com...le.android.apps.nexuslauncher  D  Input monitor (minus-one-disp0) created
2026-03-16 22:32:52.946  1377-1377  ViewRootImpl            com...le.android.apps.nexuslauncher  D  Skipping stats log for color mode
2026-03-16 22:32:52.946  1377-1377  SplitSelectStateCtor    com...le.android.apps.nexuslauncher  W  Missing session instanceIds
2026-03-16 22:32:52.946  6208-6254  .apps.wellbeing         com.google.android.apps.wellbeing    I  AssetManager2(0xb400007d4de08f58) locale list changing from [] to [en-US]
2026-03-16 22:32:52.946  1377-1377  StatsLog                com...le.android.apps.nexuslauncher  D  LAUNCHER_SPLIT_SELECTION_EXIT_INTERRUPTED
2026-03-16 22:32:52.947  1377-1377  ViewRootImpl            com...le.android.apps.nexuslauncher  D  Skipping stats log for color mode
2026-03-16 22:32:52.948  1377-1377  StateManager            com...le.android.apps.nexuslauncher  D  goToState - fromState: Normal, toState: Normal, partial trace:
                                                                                                    	at com.android.launcher3.statemanager.StateManager.moveToRestState(go/retraceme 72a59688580715d19f0e415c69e80376c2f062d1648c80db6730905005a27c20:4)
                                                                                                    	at com.android.launcher3.statemanager.StateManager.moveToRestState(go/retraceme 72a59688580715d19f0e415c69e80376c2f062d1648c80db6730905005a27c20:1)
                                                                                                    	at com.android.launcher3.statemanager.StatefulActivity.onStop(go/retraceme 72a59688580715d19f0e415c69e80376c2f062d1648c80db6730905005a27c20:34)
2026-03-16 22:32:52.948  1377-1377  StatsLog                com...le.android.apps.nexuslauncher  D  LAUNCHER_GOOGLE_SEARCH_RESTORE_LIST_SIZE_AFTER_ACTIVITY_RESTART
2026-03-16 22:32:52.950  6208-6254  .apps.wellbeing         com.google.android.apps.wellbeing    I  AssetManager2(0xb400007d4de066b8) locale list changing from [] to [en-US]
2026-03-16 22:32:52.951  6208-6254  .apps.wellbeing         com.google.android.apps.wellbeing    I  AssetManager2(0xb400007d4de069d8) locale list changing from [] to [en-US]
2026-03-16 22:32:52.953  1377-1421  InputMonitorCompat      com...le.android.apps.nexuslauncher  D  Input event receiver for monitor (minus-one-disp0) created
2026-03-16 22:32:52.953  1377-1377  SsCardPagerAdapter      com...le.android.apps.nexuslauncher  I  [rmv] Rendering flag - enabled: true rmv: null
2026-03-16 22:32:52.953  1377-1377  SsCardPagerAdapter      com...le.android.apps.nexuslauncher  I  Use UI template for the feature: 1
2026-03-16 22:32:52.955  6208-6254  .apps.wellbeing         com.google.android.apps.wellbeing    I  AssetManager2(0xb400007d4de04db8) locale list changing from [] to [en-US]
2026-03-16 22:32:52.955  1074-1157  WindowManagerShell      com.android.systemui                 D  setLauncherKeepClearAreaHeight: visible=true, height=527
2026-03-16 22:32:52.957  6208-6254  .apps.wellbeing         com.google.android.apps.wellbeing    I  AssetManager2(0xb400007d4de04778) locale list changing from [] to [en-US]
2026-03-16 22:32:52.958  1377-1377  SsBaseTemplateCard      com...le.android.apps.nexuslauncher  D  No text view can be set up
2026-03-16 22:32:52.958  1377-1377  SsBaseTemplateCard      com...le.android.apps.nexuslauncher  D  Passed-in item info is null
2026-03-16 22:32:52.958  1377-1377  SsBaseTemplateCard      com...le.android.apps.nexuslauncher  D  Passed-in item info is null
2026-03-16 22:32:52.958  1377-1377  SsBaseTemplateCard      com...le.android.apps.nexuslauncher  D  Passed-in item info is null
2026-03-16 22:32:52.958  1377-1377  SsBaseTemplateCard      com...le.android.apps.nexuslauncher  I  Secondary card pane is null
2026-03-16 22:32:52.959  6208-6254  .apps.wellbeing         com.google.android.apps.wellbeing    I  AssetManager2(0xb400007d4de0bb18) locale list changing from [] to [en-US]
2026-03-16 22:32:52.960  6208-6254  .apps.wellbeing         com.google.android.apps.wellbeing    I  AssetManager2(0xb400007d4de0b4d8) locale list changing from [] to [en-US]
2026-03-16 22:32:52.962  1377-1377  b/387844520             com...le.android.apps.nexuslauncher  D  calling updateRingPath from onSizeChanged
2026-03-16 22:32:52.962  1377-1377  b/387844520             com...le.android.apps.nexuslauncher  D  getOutlineOffsetX: measured width = 173, mNormalizedIconSize = 159, last updated width = 173
2026-03-16 22:32:52.962  6208-6254  .apps.wellbeing         com.google.android.apps.wellbeing    I  AssetManager2(0xb400007d4de04a98) locale list changing from [] to [en-US]
2026-03-16 22:32:52.964  6208-6254  .apps.wellbeing         com.google.android.apps.wellbeing    I  AssetManager2(0xb400007d4de05d58) locale list changing from [] to [en-US]
2026-03-16 22:32:52.965  1377-1377  InputMonitorCompat      com...le.android.apps.nexuslauncher  D  Input event receiver for monitor (minus-one-disp0) disposed
2026-03-16 22:32:52.965  1377-1377  InputMonitorCompat      com...le.android.apps.nexuslauncher  D  Input monitor (minus-one-disp0) disposed
2026-03-16 22:32:52.965  1377-1377  TISBindHelper           com...le.android.apps.nexuslauncher  D  TIS service connected
2026-03-16 22:32:52.965  1377-1377  TaskbarManager          com...le.android.apps.nexuslauncher  D  setActivity: mActivity=null displayId=0 isDefaultDisplay=true
2026-03-16 22:32:52.965  1377-1377  TaskbarManager          com...le.android.apps.nexuslauncher  D  setActivity: registering activity lifecycle callbacks. displayId=0 isDefaultDisplay=true
2026-03-16 22:32:52.965  1377-1377  TaskbarManager          com...le.android.apps.nexuslauncher  D  getUnfoldTransitionProgressProviderForActivity displayId=0 isDefaultDisplay=true
2026-03-16 22:32:52.965  1377-1377  TaskbarManager          com...le.android.apps.nexuslauncher  D  setRecentsViewContainer displayId=0 isDefaultDisplay=true
2026-03-16 22:32:52.965  1377-1377  TaskbarManager          com...le.android.apps.nexuslauncher  D  createTaskbarUIControllerForRecentsViewContainer displayId=0 isDefaultDisplay=true
2026-03-16 22:32:52.966   674-1036  Background...rolService system_server                        D  Package event received: 0
2026-03-16 22:32:52.966  1377-1377  LauncherBinder          com...le.android.apps.nexuslauncher  D  Calling onCompleteSignal
2026-03-16 22:32:52.966  1377-1377  ViewOnDrawExecutor      com...le.android.apps.nexuslauncher  D  markCompleted: executing tasks
2026-03-16 22:32:52.966  1377-1377  ActivityAl...tainerView com...le.android.apps.nexuslauncher  D  rebindAdapters: force: false
2026-03-16 22:32:52.966  1377-1377  ActivityAl...tainerView com...le.android.apps.nexuslauncher  D  rebindAdapters: Not needed.
2026-03-16 22:32:52.967  1074-2330  WindowManagerShell      com.android.systemui                 V  onTransitionReady(transaction=2894807958588)
2026-03-16 22:32:52.967  1074-1157  WindowManagerShell      com.android.systemui                 V  onTransitionReady (#23) android.os.BinderProxy@7c121fc: {id=23 t=CLOSE f=0x0 trk=0 r=[] c=[]}
2026-03-16 22:32:52.967   674-693   WindowManager           system_server                        V  Sent Transition (#23) createdAt=03-16 22:32:52.835 via request=TransitionRequestInfo { type = CLOSE, triggerTask = null, pipChange = null, remoteTransition = RemoteTransition { remoteTransition = android.window.IRemoteTransition$Stub$Proxy@81b0534, appThread = null, debugName = TaskFragmentComponent }, displayChange = null, flags = 0, debugId = 23 }
2026-03-16 22:32:52.967   674-693   WindowManager           system_server                        V      startWCT=WindowContainerTransaction { changes= {} hops= [] errorCallbackToken=null taskFragmentOrganizer=null }
2026-03-16 22:32:52.967   674-693   WindowManager           system_server                        V      info={id=23 t=CLOSE f=0x0 trk=0 r=[] c=[]}
2026-03-16 22:32:52.967  1074-1157  WindowManagerShell      com.android.systemui                 V  No transition roots in (#23) android.os.BinderProxy@7c121fc@0 so abort
2026-03-16 22:32:52.967  1074-1157  WindowManagerShell      com.android.systemui                 V  Transition animation finished (aborted=true), notifying core (#23) android.os.BinderProxy@7c121fc@0
2026-03-16 22:32:52.967  1377-1377  TaskFragmentComponent   com...le.android.apps.nexuslauncher  D  release and clear taskSurface
2026-03-16 22:32:52.968   674-750   ActivityTaskManager     system_server                        I  Activity reported stop, but no longer stopping: ActivityRecord{54751450 u0 com.google.android.apps.nexuslauncher/.NexusLauncherActivity t6} STOPPED
2026-03-16 22:32:52.969   674-693   WindowManager           system_server                        V  Finish Transition (#23): created at 03-16 22:32:52.835 collect-started=0.149ms request-sent=2.918ms started=8.453ms ready=131.543ms sent=132.199ms commit=1.573ms finished=134.488ms
2026-03-16 22:32:52.970  1377-1377  TaskFragmentComponent   com...le.android.apps.nexuslauncher  D  Setting valid task fragment surface control in TYPE_TASK_FRAGMENT_APPEARED
2026-03-16 22:32:52.970  1074-1157  WindowManagerShell      com.android.systemui                 V  Track 0 became idle
2026-03-16 22:32:52.970  1074-1157  WindowManagerShell      com.android.systemui                 V  All active transition animations finished
2026-03-16 22:32:52.970  1074-1157  WindowManagerShell      com.android.systemui                 V  Transition requested (#24): android.os.BinderProxy@815cea6 TransitionRequestInfo { type = CHANGE, triggerTask = null, pipChange = null, remoteTransition = RemoteTransition { remoteTransition = android.window.IRemoteTransition$Stub$Proxy@a3c0e7, appThread = null, debugName = TaskFragmentComponent }, displayChange = null, flags = 0, debugId = 24 }
2026-03-16 22:32:52.971  1074-1157  WindowManagerShell      com.android.systemui                 V  RemoteTransition directly requested for (#24) android.os.BinderProxy@815cea6: RemoteTransition { remoteTransition = android.window.IRemoteTransition$Stub$Proxy@a3c0e7, appThread = null, debugName = TaskFragmentComponent }
2026-03-16 22:32:52.971  1074-1157  WindowManagerShell      com.android.systemui                 V  Transition (#24): request handled by RemoteTransitionHandler
2026-03-16 22:32:52.972   674-750   WindowManager           system_server                        V  Queueing transition: TransitionRecord{efd40a0 id=-1 type=CLOSE flags=0x0}
2026-03-16 22:32:52.972   524-1447  BpBinder                surfaceflinger                       I  onLastStrongRef automatically unlinking death recipients: 
2026-03-16 22:32:52.975   674-693   WindowManager           system_server                        V  Sent Transition (#24) createdAt=03-16 22:32:52.944 via request=TransitionRequestInfo { type = CHANGE, triggerTask = null, pipChange = null, remoteTransition = RemoteTransition { remoteTransition = android.window.IRemoteTransition$Stub$Proxy@7457459, appThread = null, debugName = TaskFragmentComponent }, displayChange = null, flags = 0, debugId = 24 }
2026-03-16 22:32:52.975   674-693   WindowManager           system_server                        V      startWCT=WindowContainerTransaction { changes= {} hops= [] errorCallbackToken=null taskFragmentOrganizer=null }
2026-03-16 22:32:52.975   674-693   WindowManager           system_server                        V      info={id=24 t=CHANGE f=0x0 trk=1 r=[] c=[]}
2026-03-16 22:32:52.975  1074-2330  WindowManagerShell      com.android.systemui                 V  onTransitionReady(transaction=2894807958599)
2026-03-16 22:32:52.975  1074-1157  WindowManagerShell      com.android.systemui                 V  onTransitionReady (#24) android.os.BinderProxy@815cea6: {id=24 t=CHANGE f=0x0 trk=1 r=[] c=[]}
2026-03-16 22:32:52.975  1074-1157  WindowManagerShell      com.android.systemui                 V  No transition roots in (#24) android.os.BinderProxy@815cea6@1 so abort
2026-03-16 22:32:52.975  6208-6254  .apps.wellbeing         com.google.android.apps.wellbeing    I  AssetManager2(0xb400007d4de05718) locale list changing from [] to [en-US]
2026-03-16 22:32:52.976  1074-1157  WindowManagerShell      com.android.systemui                 V  Transition animation finished (aborted=true), notifying core (#24) android.os.BinderProxy@815cea6@1
2026-03-16 22:32:52.977   524-546   BpBinder                surfaceflinger                       I  onLastStrongRef automatically unlinking death recipients: 
2026-03-16 22:32:52.977   674-693   WindowManager           system_server                        V  Finish Transition (#24): created at 03-16 22:32:52.944 collect-started=23.002ms request-sent=24.889ms started=29.55ms ready=29.54ms sent=30.878ms finished=33.294ms
2026-03-16 22:32:52.978  1074-1157  WindowManagerShell      com.android.systemui                 V  Track 1 became idle
2026-03-16 22:32:52.978  1074-1157  WindowManagerShell      com.android.systemui                 V  All active transition animations finished
2026-03-16 22:32:52.978  1074-1157  WindowManagerShell      com.android.systemui                 V  Transition requested (#25): android.os.BinderProxy@429b494 TransitionRequestInfo { type = CLOSE, triggerTask = null, pipChange = null, remoteTransition = RemoteTransition { remoteTransition = android.window.IRemoteTransition$Stub$Proxy@93f2b3d, appThread = null, debugName = TaskFragmentComponent }, displayChange = null, flags = 0, debugId = 25 }
2026-03-16 22:32:52.978  1074-1157  WindowManagerShell      com.android.systemui                 V  RemoteTransition directly requested for (#25) android.os.BinderProxy@429b494: RemoteTransition { remoteTransition = android.window.IRemoteTransition$Stub$Proxy@93f2b3d, appThread = null, debugName = TaskFragmentComponent }
2026-03-16 22:32:52.978  1074-1157  WindowManagerShell      com.android.systemui                 V  Transition (#25): request handled by RemoteTransitionHandler
2026-03-16 22:32:52.979  1074-1090  WindowManagerShell      com.android.systemui                 V  onTransitionReady(transaction=2894807958605)
2026-03-16 22:32:52.979  1074-1157  WindowManagerShell      com.android.systemui                 V  onTransitionReady (#25) android.os.BinderProxy@429b494: {id=25 t=CLOSE f=0x0 trk=2 r=[] c=[]}
2026-03-16 22:32:52.979  1074-1157  WindowManagerShell      com.android.systemui                 V  No transition roots in (#25) android.os.BinderProxy@429b494@2 so abort
2026-03-16 22:32:52.979  1074-1157  WindowManagerShell      com.android.systemui                 V  Transition animation finished (aborted=true), notifying core (#25) android.os.BinderProxy@429b494@2
2026-03-16 22:32:52.979  6208-6254  .apps.wellbeing         com.google.android.apps.wellbeing    I  AssetManager2(0xb400007d4de0ab78) locale list changing from [] to [en-US]
2026-03-16 22:32:52.980  1074-1157  WindowManagerShell      com.android.systemui                 V  Track 2 became idle
2026-03-16 22:32:52.980  1074-1157  WindowManagerShell      com.android.systemui                 V  All active transition animations finished
2026-03-16 22:32:52.980   674-693   WindowManager           system_server                        V  Sent Transition (#25) createdAt=03-16 22:32:52.972 via request=TransitionRequestInfo { type = CLOSE, triggerTask = null, pipChange = null, remoteTransition = RemoteTransition { remoteTransition = android.window.IRemoteTransition$Stub$Proxy@7dbd81e, appThread = null, debugName = TaskFragmentComponent }, displayChange = null, flags = 0, debugId = 25 }
2026-03-16 22:32:52.980   674-693   WindowManager           system_server                        V      startWCT=WindowContainerTransaction { changes= {} hops= [] errorCallbackToken=null taskFragmentOrganizer=null }
2026-03-16 22:32:52.980   674-693   WindowManager           system_server                        V      info={id=25 t=CLOSE f=0x0 trk=2 r=[] c=[]}
2026-03-16 22:32:52.980   674-693   WindowManager           system_server                        V  Finish Transition (#25): created at 03-16 22:32:52.972 collect-started=3.237ms request-sent=4.849ms started=6.539ms ready=6.434ms sent=6.834ms finished=7.84ms
2026-03-16 22:32:52.981  6208-6254  .apps.wellbeing         com.google.android.apps.wellbeing    I  AssetManager2(0xb400007d4de053f8) locale list changing from [] to [en-US]
2026-03-16 22:32:52.982  6208-6254  .apps.wellbeing         com.google.android.apps.wellbeing    I  AssetManager2(0xb400007d4de07c98) locale list changing from [] to [en-US]
2026-03-16 22:32:52.983  6208-6254  .apps.wellbeing         com.google.android.apps.wellbeing    I  AssetManager2(0xb400007d4de09bd8) locale list changing from [] to [en-US]
2026-03-16 22:32:52.987  6208-6254  .apps.wellbeing         com.google.android.apps.wellbeing    I  AssetManager2(0xb400007d4de08c38) locale list changing from [] to [en-US]
2026-03-16 22:32:52.991  6208-6254  .apps.wellbeing         com.google.android.apps.wellbeing    I  AssetManager2(0xb400007d4de0a858) locale list changing from [] to [en-US]
2026-03-16 22:32:52.993  6208-6254  .apps.wellbeing         com.google.android.apps.wellbeing    I  AssetManager2(0xb400007d4de0a538) locale list changing from [] to [en-US]
2026-03-16 22:32:53.015  6208-6254  .apps.wellbeing         com.google.android.apps.wellbeing    I  AssetManager2(0xb400007d4de07018) locale list changing from [] to [en-US]
2026-03-16 22:32:53.017  6208-6254  .apps.wellbeing         com.google.android.apps.wellbeing    I  AssetManager2(0xb400007d4de09598) locale list changing from [] to [en-US]
2026-03-16 22:32:53.019  8629-8661  mple.swifthello         com.example.swifthello               I  Compiler allocated 5111KB to compile void android.view.ViewRootImpl.performTraversals()
2026-03-16 22:32:53.022  6208-6254  .apps.wellbeing         com.google.android.apps.wellbeing    I  AssetManager2(0xb400007d4de07fb8) locale list changing from [] to [en-US]
2026-03-16 22:32:53.024  6208-6254  .apps.wellbeing         com.google.android.apps.wellbeing    I  AssetManager2(0xb400007d4de085f8) locale list changing from [] to [en-US]
2026-03-16 22:32:53.028  6208-6254  .apps.wellbeing         com.google.android.apps.wellbeing    I  AssetManager2(0xb400007d4de04458) locale list changing from [] to [en-US]
2026-03-16 22:32:53.032  6208-6254  .apps.wellbeing         com.google.android.apps.wellbeing    I  AssetManager2(0xb400007d4de0a218) locale list changing from [] to [en-US]
2026-03-16 22:32:53.032  6208-6254  .apps.wellbeing         com.google.android.apps.wellbeing    I  AssetManager2(0xb400007d4de098b8) locale list changing from [] to [en-US]
2026-03-16 22:32:53.034  6208-6254  .apps.wellbeing         com.google.android.apps.wellbeing    I  AssetManager2(0xb400007d4de12eb8) locale list changing from [] to [en-US]
2026-03-16 22:32:53.041  6208-6254  .apps.wellbeing         com.google.android.apps.wellbeing    I  AssetManager2(0xb400007d4de10f78) locale list changing from [] to [en-US]
2026-03-16 22:32:53.043  6208-6254  .apps.wellbeing         com.google.android.apps.wellbeing    I  AssetManager2(0xb400007d4dde91f8) locale list changing from [] to [en-US]
2026-03-16 22:32:53.045  6208-6254  .apps.wellbeing         com.google.android.apps.wellbeing    I  AssetManager2(0xb400007d4dde7c18) locale list changing from [] to [en-US]
2026-03-16 22:32:53.047  6208-6254  .apps.wellbeing         com.google.android.apps.wellbeing    I  AssetManager2(0xb400007d4de102f8) locale list changing from [] to [en-US]
2026-03-16 22:32:53.059  6208-6254  .apps.wellbeing         com.google.android.apps.wellbeing    I  AssetManager2(0xb400007d4de0f358) locale list changing from [] to [en-US]
2026-03-16 22:32:53.062  6208-6254  .apps.wellbeing         com.google.android.apps.wellbeing    I  AssetManager2(0xb400007d4de0f038) locale list changing from [] to [en-US]
2026-03-16 22:32:53.066  6208-6254  .apps.wellbeing         com.google.android.apps.wellbeing    I  AssetManager2(0xb400007d4de10938) locale list changing from [] to [en-US]
2026-03-16 22:32:53.068  6208-6254  .apps.wellbeing         com.google.android.apps.wellbeing    I  AssetManager2(0xb400007d4de0cdd8) locale list changing from [] to [en-US]
2026-03-16 22:32:53.091  6208-6254  .apps.wellbeing         com.google.android.apps.wellbeing    I  AssetManager2(0xb400007d4de07338) locale list changing from [] to [en-US]
2026-03-16 22:32:53.098  6208-6254  .apps.wellbeing         com.google.android.apps.wellbeing    I  AssetManager2(0xb400007d4ddf4a58) locale list changing from [] to [en-US]
2026-03-16 22:32:53.101  6208-6254  .apps.wellbeing         com.google.android.apps.wellbeing    I  AssetManager2(0xb400007d4ddfb7b8) locale list changing from [] to [en-US]
2026-03-16 22:32:53.107  6208-6254  .apps.wellbeing         com.google.android.apps.wellbeing    I  AssetManager2(0xb400007d4ddf9b98) locale list changing from [] to [en-US]
2026-03-16 22:32:53.116  6208-6254  .apps.wellbeing         com.google.android.apps.wellbeing    I  AssetManager2(0xb400007d4ddf53b8) locale list changing from [] to [en-US]
2026-03-16 22:32:53.123  6208-6254  .apps.wellbeing         com.google.android.apps.wellbeing    I  AssetManager2(0xb400007d4ddfa4f8) locale list changing from [] to [en-US]
2026-03-16 22:32:53.125  6208-6254  .apps.wellbeing         com.google.android.apps.wellbeing    I  AssetManager2(0xb400007d4ddf85b8) locale list changing from [] to [en-US]
2026-03-16 22:32:53.132  6208-6254  .apps.wellbeing         com.google.android.apps.wellbeing    I  AssetManager2(0xb400007d4ddf7618) locale list changing from [] to [en-US]
2026-03-16 22:32:53.134  6208-6254  .apps.wellbeing         com.google.android.apps.wellbeing    I  AssetManager2(0xb400007d4ddf6fd8) locale list changing from [] to [en-US]
2026-03-16 22:32:53.136  6208-6254  .apps.wellbeing         com.google.android.apps.wellbeing    I  AssetManager2(0xb400007d4ddf6998) locale list changing from [] to [en-US]
2026-03-16 22:32:53.139  6208-6254  .apps.wellbeing         com.google.android.apps.wellbeing    I  AssetManager2(0xb400007d4ddfb178) locale list changing from [] to [en-US]
2026-03-16 22:32:53.142  6208-6254  .apps.wellbeing         com.google.android.apps.wellbeing    I  AssetManager2(0xb400007d4ddf9878) locale list changing from [] to [en-US]
2026-03-16 22:32:53.144  6208-6254  .apps.wellbeing         com.google.android.apps.wellbeing    I  AssetManager2(0xb400007d4ddfab38) locale list changing from [] to [en-US]
2026-03-16 22:32:53.145  6208-6254  .apps.wellbeing         com.google.android.apps.wellbeing    I  AssetManager2(0xb400007d4ddf6678) locale list changing from [] to [en-US]
2026-03-16 22:32:53.155  6208-6254  .apps.wellbeing         com.google.android.apps.wellbeing    I  AssetManager2(0xb400007d4ddfc118) locale list changing from [] to [en-US]
2026-03-16 22:32:53.167  6208-6254  .apps.wellbeing         com.google.android.apps.wellbeing    I  AssetManager2(0xb400007d4ddf9238) locale list changing from [] to [en-US]
2026-03-16 22:32:53.169  6208-6254  .apps.wellbeing         com.google.android.apps.wellbeing    I  AssetManager2(0xb400007d4ddf59f8) locale list changing from [] to [en-US]
2026-03-16 22:32:53.174  6208-6254  .apps.wellbeing         com.google.android.apps.wellbeing    I  AssetManager2(0xb400007d4ddf5d18) locale list changing from [] to [en-US]
2026-03-16 22:32:53.197  5902-5911  FontLog                 com.google.android.gms.persistent    I  (REDACTED) Received query %s, URI %s
2026-03-16 22:32:53.197  5902-5911  FontLog                 com.google.android.gms.persistent    I  (REDACTED) Query [%s] resolved to %s
2026-03-16 22:32:53.203  6208-6254  .apps.wellbeing         com.google.android.apps.wellbeing    I  AssetManager2(0xb400007d4ddf6cb8) locale list changing from [] to [en-US]
2026-03-16 22:32:53.209  6208-6254  .apps.wellbeing         com.google.android.apps.wellbeing    I  AssetManager2(0xb400007d4ddf88d8) locale list changing from [] to [en-US]
2026-03-16 22:32:53.213  5902-5911  FontLog                 com.google.android.gms.persistent    I  (REDACTED) Fetch %s end status %s
2026-03-16 22:32:53.216  6208-6254  .apps.wellbeing         com.google.android.apps.wellbeing    I  AssetManager2(0xb400007d4ddf8f18) locale list changing from [] to [en-US]
2026-03-16 22:32:53.224  6208-6254  .apps.wellbeing         com.google.android.apps.wellbeing    I  AssetManager2(0xb400007d4ddf9eb8) locale list changing from [] to [en-US]
2026-03-16 22:32:53.227  6208-6254  .apps.wellbeing         com.google.android.apps.wellbeing    I  AssetManager2(0xb400007d4ddf72f8) locale list changing from [] to [en-US]
2026-03-16 22:32:53.234  6208-6254  .apps.wellbeing         com.google.android.apps.wellbeing    I  AssetManager2(0xb400007d4ddf8bf8) locale list changing from [] to [en-US]
2026-03-16 22:32:53.238  5902-5911  FontLog                 com.google.android.gms.persistent    I  (REDACTED) Pulling font file for id = %d, cache size = %d
2026-03-16 22:32:53.245  5902-5911  FontLog                 com.google.android.gms.persistent    I  (REDACTED) Pulling font file for id = %d, cache size = %d
2026-03-16 22:32:55.425  1259-1517  SatelliteController     com.android.phone                    D  iisInCarrierRoamingNbIotNtn: satellite is disabled
2026-03-16 22:32:55.459   674-3430  TaskPersister           system_server                        E  File error accessing recents directory (directory doesn't exist?).
2026-03-16 22:32:57.727  1695-2032  bdee                    com...oglequicksearchbox:interactor  I  (REDACTED) getHotwordActive::active query: %s, watch: %s, devices connected: %s
